REGION,FUEL,Unnamed: 65,Unnamed: 66,2017,2018,2019,2020,2021,2022,2023,2024,2025,2026,2027,2028,2029,2030,2031,2032,2033,2034,2035,2036,2037,2038,2039,2040,2041,2042,2043,2044,2045,2046,2047,2048,2049,2050,2051,2052,2053,2054,2055,2056,2057,2058,2059,2060,2061,2062,2063,2064,2065,2066,2067,2068,2069,2070
01_AUS,d_nonenergy_7_3_naphtha,,,0.114383376,0.11555568,0.11515122417814712,0.10796544710979482,0.10892408226001105,0.10979349095893423,0.11057973510997958,0.11128171744217262,0.11191999821110028,0.11265079044456701,0.11331282197319328,0.11296200236690188,0.11255437762551769,0.11206972031003662,0.11183119737864575,0.11151749554863467,0.11115655920234754,0.11074222225555261,0.11028817960486316,0.10977535751218911,0.10922376695730211,0.10862738875323631,0.10799911287085434,0.1073206392590264,0.10670092609895808,0.10604428097186162,0.10535097961316409,0.10462709017239136,0.10387265565973999,0.10308772304063525,0.10227234316669427,0.10142112108189791,0.10052900628112077,0.09959129964325729,0.099093343145041,0.09859787642931579,0.09810488704716921,0.09761436261193336,0.0971262907988737,0.09664065934487932,0.09615745604815493,0.09567666876791414,0.09519828542407457,0.09472229399695421,0.09424868252696944,0.09377743911433459,0.09330855191876292,0.0928420091591691,0.09237779911337325,0.09191591011780638,0.09145633056721734,0.09099904891438126,0.09054405366980935,0.0900913334014603
01_AUS,d_nonenergy_7_6_kerosene,,,0.19091808,0.193932576,0.19325379362071646,0.18119418514948174,0.1828030250102794,0.18426211960934177,0.1855816424019657,0.1867597518812114,0.18783095351949872,0.18905741352870806,0.19016847513762,0.18957970832010487,0.18889560766717314,0.18808222625945273,0.18768192255720542,0.18715544905118686,0.1865497037048093,0.18585433822018826,0.1850923362064225,0.1842316869552391,0.1833059741109505,0.1823050959076053,0.18125068507891207,0.18011202936514867,0.17907198901825136,0.1779699671962547,0.17680642665513624,0.17559155133279591,0.1743254134115636,0.17300809171167478,0.17163967157540863,0.17021109885918514,0.16871389749788093,0.16714018114042306,0.16630448023472097,0.16547295783354737,0.16464559304437965,0.16382236507915773,0.16300325325376194,0.16218823698749313,0.16137729580255566,0.16057040932354288,0.15976755727692518,0.15896871949054056,0.15817387589308785,0.1573830065136224,0.1565960914810543,0.155813111023649,0.15503404546853075,0.15425887524118811,0.15348758086498215,0.15272014296065725,0.15195654224585398,0.1511967595346247
01_AUS,d_nonenergy_7_9_lpg,,,9.707012064,9.870087924,9.835541681677151,9.221774781885639,9.303655769645575,9.377915557656534,9.445071918127507,9.505031128612355,9.559549325463557,9.62196930861361,9.678516155951634,9.64855120434078,9.613734291511747,9.572337708351075,9.551964479577569,9.525169910551373,9.49434084639095,9.458950616373459,9.420168958184515,9.376366705071016,9.329253077469305,9.278313951758767,9.224650313591964,9.166699080014736,9.113766819328507,9.057680046793326,8.998462314110924,8.9366319269964,8.872192559128294,8.805148222017564,8.735503259110875,8.662796864931112,8.586597654974735,8.506504257898701,8.463971736609208,8.42165187792616,8.37954361853653,8.337645900443848,8.295957670941629,8.25447788258692,8.213205493173987,8.172139465708115,8.131278768379575,8.090622374537679,8.05016926266499,8.009918416351665,7.969868824269907,7.930019480148558,7.890369382747815,7.850917535834076,7.811662948154905,7.77260463341413,7.733741610247058,7.6950729021958235
01_AUS,d_nonenergy_7_11_ethane,,,20.209306788,20.13306516,20.06259752556,18.81063208394458,18.977653418975187,19.129128984573445,19.26611493562894,19.3884200965281,19.499626644844856,19.626951304738746,19.742295906612124,19.68117321672903,19.610153466950255,19.525712465756275,19.484155030242533,19.429499305968104,19.36661399406988,19.294424788415792,19.215317727025564,19.125969625683474,19.029866962593434,18.925961025278536,18.816497610944833,18.69828833351016,18.59031678739347,18.47591064889098,18.3551179589066,18.228995960578924,18.097552147499698,17.960794702373285,17.818732484988505,17.67042554154067,17.514993931305273,17.35161893458447,17.264860839911545,17.178536535711988,17.09264385303343,17.00718063376826,16.92214473059942,16.837534006946424,16.75334633691169,16.669579605227135,16.586231707200998,16.503300548664996,16.420784045921668,16.33868012569206,16.256986725063598,16.17570179143828,16.094823282481087,16.01434916606868,15.934277420238336,15.854606033137147,15.775333002971461,15.696456337956604
01_AUS,d_nonenergy_7_x_other_petrol_prod,,,142.006123944,142.843525812,142.34355994594603,133.46090067603856,134.64591230700472,135.72062714513135,136.69253857938003,137.56029022419906,138.34929752779178,139.25266237549474,140.0710290516087,139.63736530191986,139.13348219320963,138.53437568668485,138.2395268613663,137.85174604909935,137.4055765462471,136.8933961812978,136.3321338262711,135.6982115834887,135.0163659168399,134.27915624106984,133.5025164236062,132.66382495570167,131.8977699008895,131.08606159575274,130.22904088914095,129.33420889111147,128.40161876848504,127.43132857731688,126.4234011775571,125.37116762364306,124.26838476111242,123.10924379694919,122.49369757796443,121.88122909007461,121.27182294462423,120.66546382990111,120.06213651075159,119.46182582819785,118.86451669905685,118.27019411556157,117.67884314498377,117.09044892925884,116.50499668461255,115.92247170118948,115.34285934268352,114.7661450459701,114.19231432074027,113.62135274913656,113.05324598539087,112.48797975546393,111.92553985668661,111.36591215740319
01_AUS,d_nonenergy_8_1_natural_gas,,,53.76960702000001,56.29052116800001,56.09349901381832,52.593098720430625,53.06007768862705,53.48359186612467,53.86659418178439,54.2085501231096,54.51947518654613,54.875465265851346,55.197960012764874,55.02706561385609,54.828499787117956,54.59240916070899,54.47621772712034,54.323404472915286,54.14758191671574,53.94574638016535,53.72456904435798,53.474758538607965,53.20606279119048,52.915549681665276,52.60949828846187,52.27899412623869,51.97711388326911,51.65724300866834,51.31951582115521,50.96688829225218,50.59938137347267,50.21701794303662,49.819822772240734,49.40516782163251,48.97059284377395,48.5138087605681,48.27123971676526,48.02988351818143,47.78973410059052,47.55078543008757,47.31303150293713,47.076466345422446,46.84108401369533,46.60687859362685,46.373844200658716,46.14197497965542,45.91126510475715,45.68170877923336,45.453300235337196,45.22603373416051,44.9999035654897,44.774904047662254,44.55102952742394,44.32827437978682,44.106633007887886,43.886099842848445
02_BD,d_nonenergy_7_x_other_petrol_prod,,,0.0,0.2036213900316101,0.20493742228745937,0.1992585082820273,0.8490137076783085,0.8514916685691188,0.8534990078303274,0.8559319667042092,0.8583425554977757,0.860282406733623,0.8626483308297812,0.8601200326487978,0.8575954512413566,0.8550746126471704,0.8525575425526455,0.8496068884302841,0.8466644269105824,0.8441631648531444,0.8412348988614269,0.8378861157560427,0.8354028940412215,0.8320747184808337,0.8291812369613347,0.8258757025182211,0.8225824938886143,0.8193015704527407,0.8160328916888786,0.8127764171733967,0.8095321065807745,0.8062999196836491,0.8026741182190321,0.7994680869141986,0.7954707464796275,0.7922926788241105,0.7883312154299901,0.78438955935284,0.7804676115560758,0.7765652734982953,0.7726824471308038,0.7688190348951498,0.764974939720674,0.7611500650220706,0.7573443146969603,0.7535575931234755,0.7497898051578581,0.7460408561320688,0.7423106518514084,0.7385990985921513,0.7349061030991906,0.7312315725836945,0.7275754147207761,0.7239375376471723,0.7203178499589364,0.7167162607091417
02_BD,d_nonenergy_8_1_natural_gas,,,18.75671401382243,25.15275461052449,25.315320225000328,24.6138205917313,104.8761794961174,105.18227475561521,105.43023550202507,105.73077179402637,106.02854477545058,106.26816892352566,106.56042460554687,106.24811132785715,105.93625717232956,105.62486535557369,105.31393905055606,104.94945337904204,104.58597971576688,104.27700613132376,103.91528600009109,103.50162062004175,103.19487550634459,102.78375571604072,102.42633240889825,102.018009409574,101.61120898193279,101.20592610833273,100.80215578324415,100.39989301325407,99.99913281706897,99.59987022552038,99.15198557797999,98.75595391022829,98.26217414067715,97.86959674071709,97.38024875701349,96.8933475132284,96.40888077566227,95.92683637178395,95.44720218992502,94.9699661789754,94.49511634808051,94.02264076634012,93.5525275625084,93.08476492469586,92.61934110007238,92.15624439457201,91.69546317259916,91.23698585673615,90.78080092745249,90.32689692281522,89.87526243820115,89.42588612601014,88.9787566953801,88.5338629119032
03_CDA,d_nonenergy_1_x_coal_thermal,,,2.099973276,1.831055112,1.8198732641647835,1.722284069759571,1.7258416299176034,1.7295227807369706,1.733323554752633,1.7370586560899335,1.7406326617837458,1.7440509098275025,1.7473298331693972,1.7385542812186705,1.7297450137311297,1.720877664338868,1.7119380413080016,1.7029295471923158,1.6938617777645206,1.6847458552634202,1.6755739216806698,1.666351026465401,1.6570905330342105,1.6477964738010877,1.6384709487599676,1.6291168418830568,1.6197457390935281,1.610378422685208,1.6010257782703985,1.5917033929093798,1.5824050724119392,1.5740902758908166,1.5657928652389543,1.557516015589029,1.5492548056831246,1.541003356938313,1.5332983401536215,1.5256318484528535,1.5180036892105895,1.5104136707645364,1.5028616024107138,1.49534729439866,1.4878705579266667,1.4804312051370332,1.4730290491113482,1.4656639038657913,1.4583355843464625,1.45104390642473,1.4437886868926064,1.4365697434581433,1.4293868947408526,1.4222399602671483,1.4151287604658125,1.4080531166634835,1.401012851080166,1.3940077868247653
03_CDA,d_nonenergy_1_5_lignite,,,1.457969364,1.387882332,1.3794068421319434,1.3054372942895693,1.3081338132834555,1.3109240101214124,1.3138048775894047,1.316635967227448,1.3193449514215345,1.3219358762032258,1.324421197231727,1.317769604155067,1.311092455759208,1.3043712831016856,1.2975953292934312,1.2907671733634714,1.2838940886064865,1.276984505330569,1.2700324674119108,1.2630418021745453,1.2560226386690225,1.2489780333386438,1.2419095779129319,1.2348194583523449,1.2277164564231802,1.2206163244521873,1.2135273133919935,1.206461237745302,1.1994134025102523,1.1931110475946558,1.1868218706225382,1.1805482782448602,1.174286540302508,1.1680322010140423,1.162192040008972,1.1563810798089271,1.1505991744098825,1.144846178537833,1.139121947645144,1.1334263379069183,1.1277592062173838,1.122120410186297,1.1165098081353653,1.1109272590946884,1.1053726227992149,1.099845759685219,1.0943465308867928,1.0888747982323588,1.083430424241197,1.078013272119991,1.072623205759391,1.0672600897305942,1.061923789281941,1.0566141703355314
03_CDA,d_nonenergy_2_coal_products,,,1.949457816,1.949457816,1.9375529090876815,1.8336532413258597,1.8374408463031842,1.8413600337649159,1.8454065796952506,1.8493832063122397,1.8531883202536876,1.8568276046871584,1.8603185551752295,1.8509755440184696,1.8415966371552766,1.8321558925994965,1.8226382009279551,1.8130471847159788,1.8033930602339514,1.7936876689252161,1.7839226446539391,1.7741033633850558,1.764244052662435,1.754349005650667,1.744420458136956,1.734461480581674,1.7244844080960557,1.714511366832869,1.7045539463078232,1.6946287414973837,1.6847291576724002,1.675876696072352,1.6670427445753009,1.6582306836295877,1.649435273750804,1.6406502562254022,1.6324470049442752,1.624284769919554,1.6161633460699563,1.6080825293396064,1.6000421166929082,1.5920419061094437,1.5840816965788964,1.5761612880960019,1.568280481655522,1.5604390792472445,1.5526368838510083,1.5448736994317531,1.5371493309345943,1.5294635842799216,1.5218162663585217,1.5142071850267291,1.5066361491015954,1.4991029683560875,1.491607453514307,1.4841494162467352
03_CDA,d_nonenergy_7_3_naphtha,,,102.059990748,104.985014832,104.34389460949228,98.74853980289474,98.95251537059288,99.1635771080782,99.38149753755754,99.59565257130049,99.80057105699515,99.99655905278041,100.18455875493346,99.68140543875626,99.17631901520869,98.66790241902535,98.15534195575079,97.63883271353784,97.11892487371841,96.59625613878337,96.07037596351577,95.54157386213534,95.0106160368609,94.47773368938579,93.94304722454815,93.40672199720973,92.8694222955769,92.3323396891504,91.79609831325064,91.26159186449215,90.72846519400639,90.25172966028363,89.77599095933239,89.30143113993378,88.8277680378143,88.35466459970242,87.9128912767039,87.47332682032038,87.03596018621879,86.60078038528768,86.16777648336125,85.73693760094444,85.30825291293972,84.88171164837502,84.45730309013315,84.03501657468249,83.61484149180907,83.19676728435003,82.78078344792827,82.36687953068864,81.9550451330352,81.54526990737003,81.13754355783317,80.731855840044,80.32819656084378,79.92655557803955
03_CDA,d_nonenergy_7_9_lpg,,,44.65121716800001,42.99571458,42.73314927825175,40.44161959067419,40.525156039224264,40.61159456798191,40.70084201536322,40.78854737713715,40.872469989685165,40.95273519649944,41.029728866003914,40.823666730308126,40.61681290702835,40.40859524003831,40.198680487735686,39.98714854680433,39.77422473930141,39.56017023082591,39.34480050443908,39.128234128212526,38.9107848937094,38.69254748760507,38.47357122067081,38.25392381257551,38.03387731687046,37.813919730649715,37.59430666319368,37.37540412030444,37.15706665380151,36.96182369488124,36.76698898029372,36.57263706655964,36.378652395714994,36.18489693047621,36.00397244582383,35.8239525835947,35.64483282067673,35.46660865657334,35.28927561329048,35.11282923522403,34.937265089047905,34.76257876360266,34.58876586978465,34.41582204043573,34.24374293023355,34.07252421558238,33.90216159450447,33.73265078653195,33.563987532599285,33.39616759493629,33.2291867569616,33.0630408231768,32.897725619060914,32.73323699096561
03_CDA,d_nonenergy_7_11_ethane,,,312.454980612,305.588419272,303.7222585092191,287.43540430102263,288.0291325716975,288.64348713296664,289.2778058467205,289.9011643169305,290.49763721568894,291.0681154113072,291.6153414311014,290.1507721610193,288.68057603812844,287.2006865109618,285.7087350929042,284.2052896429053,282.6919516185046,281.17057723219546,279.6398550453799,278.1006277706383,276.5551256550711,275.00402167624645,273.4476663063174,271.8865408571253,270.3225789263675,268.7592489122793,267.1983675362879,265.64253615379795,264.09072100411976,262.7030481215254,261.3182768011342,259.936936947136,258.55820724103665,257.1811065944719,255.89520106149953,254.61572505619205,253.3426464309111,252.07593319875653,250.81555353276275,249.56147576509892,248.3136683862734,247.07210004434202,245.83673954412035,244.60755584639972,243.3845180671677,242.16759547683188,240.95675749944775,239.75197371195048,238.55321384339075,237.36044777417376,236.1736455353029,234.99277730762637,233.81781342108823,232.64872435398283
03_CDA,d_nonenergy_7_x_other_petrol_prod,,,298.067963508,333.490049964,331.453500125157,313.6795810853347,314.32751948275205,314.99796744613144,315.69020238110323,316.37047635179573,317.02140997448674,317.643975457869,318.2411657346391,316.64287454212933,315.03844273922334,313.4234324795684,311.7952590228085,310.1545420760318,308.50302931722996,306.84274643964943,305.17226226430586,303.4924964473212,301.8058828676317,300.1131559487587,298.4146981625773,296.7110347669178,295.00427590585645,293.29820665836826,291.59480962091726,289.89692366464254,288.2034206417402,286.6890468311994,285.17783950885996,283.67037696160594,282.16576288078016,280.6629266001305,279.2596119671299,277.86331390729424,276.4739973377578,275.09162735106895,273.71616921431365,272.3475883682421,270.9858504264009,269.63092117426885,268.2827665683975,266.94135273555554,265.6066459718777,264.2786127420183,262.95721967830826,261.64243357991666,260.3342214120171,259.032550304957,257.7373875534322,256.448700615665,255.1664571125867,253.89062482702377
03_CDA,d_nonenergy_8_1_natural_gas,,,128.677488012,136.312201548,135.4797731378424,128.21478266896443,128.47962388215495,128.75366575513286,129.03661293147175,129.31467113024232,129.58073662509054,129.83520680090774,130.0793050022735,129.42601237423466,128.77020980587815,128.11008335221052,127.4445765149993,126.77394259606713,126.09889594906463,125.42026456483029,124.73746345692089,124.05086852965701,123.36147461750568,122.66958191199302,121.97534674636897,121.27898381684783,120.5813556330746,119.88400932501065,119.18775526792454,118.49375383459176,117.8015439008773,117.18255203559157,116.56485445473186,115.94868752984297,115.33368489975066,114.71940893558418,114.14581189090626,113.57508283145174,113.00720741729447,112.44217138020801,111.87996052330696,111.32056072069042,110.76395791708697,110.21013812750154,109.65908743686403,109.1107919996797,108.5652380396813,108.0224118494829,107.4822997902355,106.94488829128431,106.4101638498279,105.87811303057876,105.34872246542585,104.82197885309871,104.29786895883322,103.77637961403904
04_CHL,d_nonenergy_7_x_other_petrol_prod,,,14.24328426,11.839977324,12.128213998424497,11.272946890813214,11.664292718527394,12.15267915226905,12.680200964234084,13.228287305108287,13.391893066321304,13.545739733225988,13.693830898863355,13.658229520601951,13.62332366939704,13.592510558927335,13.564808467293213,13.537943783774459,13.511420822720078,13.484699695331118,13.45749703101577,13.429681203804472,13.401366592197862,13.372834727405792,13.344405224423822,13.316389058258055,13.288855411815259,13.261793767623246,13.235290601422244,13.209456530457265,13.184357798790936,13.160083747186341,13.136723798879359,13.114358572333247,13.093041535361914,13.072832723378877,13.007468559761982,12.942431216963172,12.877719060878356,12.813330465573962,12.749263813246094,12.685517494179862,12.622089906708963,12.558979457175418,12.49618455988954,12.433703637090094,12.371535118904644,12.30967744331012,12.24812905609357,12.186888410813102,12.125953968759037,12.06532419891524,12.004997577920665,11.94497259003106,11.885247727080905,11.825821488445502
04_CHL,d_nonenergy_8_1_natural_gas,,,8.94007404,19.464181992,19.93802505218856,18.532019434207065,19.175367491723893,19.978244234528322,20.845457090757698,21.746476745962642,22.015434381948552,22.268348677436727,22.51180128891515,22.45327485033479,22.39589181472197,22.345236988829168,22.299696483271557,22.255532624265967,22.211930535613085,22.168002673903764,22.123283195613215,22.077555715882216,22.0310082658101,21.98410366509281,21.9373673407874,21.891310516348792,21.846046924147508,21.80155927411727,21.75798972696494,21.715520130520925,21.674259385879843,21.634354363666894,21.595952070087396,21.559185036851325,21.52414116169971,21.490919139096455,21.383464543400972,21.276547220683966,21.170164484580546,21.06431366215764,20.958992093846856,20.85419713337762,20.74992614771073,20.64617651697218,20.542945634387316,20.44023090621538,20.338029751684303,20.23633960292588,20.135157904911253,20.034482115386698,19.934309704809763,19.834638156285713,19.73546496550429,19.636787640676765,19.53860370247338,19.440910683961015
05_PRC,d_nonenergy_1_x_coal_thermal,,,2313.31936669911,2663.836559048322,2677.0531756778914,2592.8431036855854,2628.367279375582,2657.1011778841525,2679.365741040113,2695.4946354485674,2705.863408221759,2710.931094497229,2711.2196665747224,2694.5185261240026,2674.195162514807,2650.7777994114854,2652.4528112784,2651.9531094315626,2649.5875056379123,2645.5665960722936,2639.9121347812043,2632.472035311069,2622.92506765068,2610.871061172627,2595.8708926901218,2577.527327181173,2572.751956597064,2563.9602615056283,2551.046399683433,2534.031397483488,2513.065102241905,2514.414572636474,2511.938767484221,2505.950405324422,2496.7952430769174,2484.8470378916973,2472.422802702238,2460.060688688727,2447.760385245284,2435.5215833190573,2423.343975402462,2411.2272555254494,2399.1711192478224,2387.1752636515835,2375.2393873333253,2363.363190396659,2351.5463744446756,2339.788642572452,2328.0896993595898,2316.449250862792,2304.867004608478,2293.342669585436,2281.8759562375085,2270.466576456321,2259.11424357404,2247.8186723561694
05_PRC,d_nonenergy_2_coal_products,,,576.665015329152,533.707146657864,536.355132971393,519.4834082065211,526.6007767179187,532.3576940983321,536.8184619458146,540.0499313031379,542.1273440904678,543.1426692886489,543.2004855159851,539.8543650546493,535.7825219959936,531.0907874368021,531.426380775317,531.3262641048893,530.85230873156,530.0467081912618,528.9138209683938,527.4231761142382,525.510414292589,523.0953601927625,520.09003424925,516.41484930817,515.4580903808923,513.6966495426403,511.1093210062679,507.7003174607373,503.49966124128474,503.7700314302283,503.273996904761,502.07421170374926,500.2399491985259,497.84609268528527,495.3568622218588,492.88007791074955,490.4156775211958,487.96359913358975,485.5237811379218,483.0961622322322,480.680681421071,478.2772780139656,475.8858916238958,473.5064621657763,471.13892985494743,468.7832352056727,466.43931902964437,464.1071224344961,461.78658682232367,459.477653888212,457.180265618771,454.8943642906771,452.6198924692237,450.35679300687764
05_PRC,d_nonenergy_7_3_naphtha,,,1919.19039377472,1979.04191562144,1988.86092580199,1926.2988059060865,1952.6907526903592,1974.0380044031256,1990.5789980947159,2002.5616244230996,2010.2648882971532,2014.0298203160896,2014.244208933551,2001.8364443211217,1986.7376244207815,1969.3401820073634,1970.5845972033812,1970.213354119099,1968.455878027901,1965.4686269736828,1961.2677626724128,1955.7402956595522,1948.647574785663,1939.6923016138878,1928.5482387142977,1914.920268596969,1911.3725064354824,1904.8408995933833,1895.246814794202,1882.6058731291805,1867.0294005571507,1868.031961493433,1866.19261359704,1861.743684596532,1854.942047397514,1846.065377093671,1836.8350502082026,1827.6508749571617,1818.512620582376,1809.420057479464,1800.372957192067,1791.3710924061065,1782.4142369440758,1773.5021657593554,1764.6346549305586,1755.811481655906,1747.0324242476265,1738.2972621263882,1729.6057758157563,1720.9577469366775,1712.3529582019942,1703.7911934109843,1695.2722374439293,1686.7958762567096,1678.3618968754263,1669.9700873910492
05_PRC,d_nonenergy_7_7_gas_diesel_oil,,,6.888374568,12.850042824,12.913798270670133,12.507578516820127,12.678943076463694,12.817552115776344,12.924953821425264,13.002757762942778,13.05277553663661,13.077221475497682,13.078613514187518,12.998049123225764,12.90001154212162,12.787048861404323,12.795128927032769,12.79271842248838,12.78130702040751,12.761910612645886,12.734634138235194,12.698743949521731,12.652690469679422,12.594543321380245,12.522184224605827,12.433696963052867,12.41066112164667,12.368250990275527,12.305955998161703,12.223877574026758,12.122738564277894,12.12924825508495,12.117305254256962,12.088418080253115,12.044254624900908,11.98661784993493,11.926684760685257,11.86705133688183,11.807716080197421,11.748677499796434,11.689934112297452,11.631484441735966,11.573327019527285,11.515460384429648,11.4578830825075,11.400593667094961,11.343590698759487,11.28687274526569,11.230438381539363,11.174286189631665,11.118414758683507,11.06282268489009,11.00750857146564,10.952471028608311,10.897708673465269,10.843220130097944
05_PRC,d_nonenergy_7_8_fuel_oil,,,15.1645896,15.867972,15.946700892694402,15.445077375308156,15.656688190264958,15.827850604654124,15.960476408422366,16.056553190608938,16.118318014535728,16.148505265946028,16.150224235388837,16.050738691450373,15.9296762472846,15.790183431640502,15.800161161435367,15.797184531774274,15.78309307611299,15.759141276147998,15.725458716631605,15.68113944724238,15.624269961385457,15.552466518102925,15.463113343386864,15.353844183127212,15.325398201161512,15.273027731558349,15.196102292153885,15.094747132967573,14.969854866320393,14.9778934069595,14.96314550258828,14.927473958568513,14.872938383664186,14.801765178729624,14.727756352835977,14.654117571071797,14.580846983216437,14.507942748300357,14.435403034558854,14.363226019386058,14.29140988928913,14.219952839842684,14.14885307564347,14.07810881026525,14.007718266213924,13.937679674882855,13.86799127650844,13.798651320125897,13.729658063525267,13.661009773207642,13.592704724341603,13.524741200719895,13.457117494716297,13.389831907242714
05_PRC,d_nonenergy_7_9_lpg,,,281.02136544,360.56386656,362.3528030390839,350.95454023737153,355.76291862666653,359.65219836209224,362.6658205573106,364.84894868936385,366.2524149755686,366.93835216334014,366.9774118660418,364.7168273131274,361.96595637866807,358.79629683011467,359.02301823057644,358.95538103661613,358.6351844961451,358.09093387568464,357.32557369639596,356.31851828099104,355.02628750885134,353.39471624427694,351.36436692395836,348.8814717613639,348.2351009935274,347.0451002162586,345.2971431447122,342.99407580302415,340.1561807925118,340.3388384940969,340.00372563759925,339.1931702724945,337.9539723615972,336.3367218417026,334.6550382324941,332.98176304133165,331.316854226125,329.66026995499436,328.01196860521935,326.37190876219324,324.74004921838224,323.1163489722904,321.5007672274289,319.8932633912917,318.2937970743353,316.7023280889636,315.11881644851877,313.5432223662762,311.9755062544448,310.4156287231726,308.8635505795567,307.31923282665895,305.78263666252565,304.253723479213
05_PRC,d_nonenergy_7_10_refi_gas_notliq,,,13.586166,18.79956936,18.892843363687707,18.298545232350573,18.549251005785674,18.752035563329272,18.909163896859656,19.02299080118001,19.096166635585305,19.131930961781226,19.13396750969471,19.016102077137326,18.872673426268424,18.707409404947803,18.719230513740655,18.715703953713156,18.699009110913604,18.670632231704417,18.630726841535417,18.57821961636088,18.510843530504744,18.425774448439512,18.319913333634748,18.19045676809441,18.156755409724386,18.094709530407204,18.00357216681514,17.88349170882612,17.73552567829864,17.745049334018354,17.72757676404272,17.685314925795346,17.62070393940078,17.536381531802583,17.44869962414357,17.361456126022855,17.27464884539274,17.188275601165778,17.10233422315995,17.01682255204415,16.931738439283933,16.847079747087513,16.762844348352075,16.679030126610314,16.595634975977262,16.512656801097375,16.430093517091887,16.34794304950643,16.266203334258897,16.1848723175876,16.103947955999665,16.023428216219667,15.943311075138567,15.863594519762874
05_PRC,d_nonenergy_7_x_other_petrol_prod,,,2023.001825958,2006.68362642,2016.63978086091,1953.2038421684172,1979.964411039298,2001.6098244804898,2018.3818498446963,2030.5318401328634,2038.342697176385,2042.1602148233578,2042.3775978534768,2029.7965312819701,2014.486822865429,1996.8463865729877,1998.108182787917,1997.7317544703708,1995.9497313266497,1992.92075668433,1988.6612179935971,1983.0565476413774,1975.8647611854894,1966.7844077568573,1955.4846932960954,1941.666378342823,1938.0690638121441,1931.446228590315,1921.7181411127153,1908.9006406537806,1893.1066080863309,1894.1231720102405,1892.2581335399348,1887.747065376115,1880.8504282243784,1871.8497755271076,1862.490526649472,1853.1780740162246,1843.9121836461434,1834.6926227279127,1825.5191596142731,1816.3915638162018,1807.3096059971208,1798.2730579671352,1789.2816926772996,1780.3352842139132,1771.4336077928435,1762.5764397538792,1753.7635575551096,1744.994739767334,1736.2697660684976,1727.5884172381552,1718.9504751519644,1710.3557227762046,1701.8039441623237,1693.2949244415122
05_PRC,d_nonenergy_8_1_natural_gas,,,396.9275854910631,371.5520296972262,373.395483912826,361.64985970648627,366.6047731511964,370.6125784633165,373.7180406219537,375.9676994585208,377.41393629923937,378.1207773834357,378.1610274283352,375.8315516909273,372.996848122639,369.7305933812803,369.9642241034074,369.8945256698435,369.5645711581808,369.00373453130146,368.2150500444803,367.1773046730954,365.84569324234815,364.1643999371372,362.07217583782295,359.51361458766536,358.8475457077804,357.6212797251298,355.8200537621599,353.4468005754288,350.5224208773649,350.71064506192135,350.3653196603573,349.53006266702647,348.253100270924,346.58656413426496,344.85363131359367,343.1293631570257,341.41371634124056,339.70664775953435,338.0081145207367,336.31807394813296,334.6364835783923,332.96330116050035,331.29848465469786,329.64199223142435,327.9937822702673,326.3538133589159,324.7220442921213,323.09843407066074,321.4829419003074,319.8755271908059,318.2761495548518,316.6847688070776,315.1013449630422,313.525838238227
07_INA,d_nonenergy_7_x_other_petrol_prod,,,318.4458716867218,289.6328111756378,295.2717342694547,278.3974314823865,289.0206862464816,299.75495032261165,310.5844939009346,321.4837357482265,332.44069768879814,343.4337345093504,354.4529897209091,361.40996181014316,368.21681337080486,374.87579602436034,381.37968263567257,387.7146333948707,393.86675347119507,399.8255962703805,405.5773406288582,411.1152610285494,416.42579756597763,421.51340168825897,426.36869195190246,430.9897544312432,435.3750688580018,439.5198210817247,443.4157956130796,447.05128870356816,450.42223774292626,453.5286569877175,456.3634270260928,458.9385683323093,461.2590435154614,463.33398743159546,461.01731749443746,458.71223090696526,456.41866975243045,454.1365764036683,451.86589352165,449.6065640540417,447.3585312337715,445.1217385776027,442.8961298847147,440.6816492352911,438.4782409891146,436.28584978416905,434.1044205352482,431.93389843257194,429.7742289404091,427.6253577957071,425.48723100672856,423.35979485169497,421.24299587743644,419.13678089804927
07_INA,d_nonenergy_8_1_natural_gas,,,142.83224916623,145.2466838164389,148.07452254212862,139.61230270043438,144.93971197964865,150.32279083020865,155.75365097900288,161.21946380596364,166.71422242847993,172.22707208379387,177.75306988462776,181.2418912003592,184.65542923289001,187.99481313796008,191.25641861137578,194.43330518779334,197.51850480968554,200.50677866046928,203.39119562565278,206.16838295477336,208.8315405515131,211.3829007524956,213.8177588989119,216.1351551846034,218.33432721692134,220.4128607687415,222.36663589047467,224.18978332079408,225.88026571915765,227.43809023502675,228.85968658588538,230.15108286646725,231.31476775376686,232.35532224654085,231.19354563530814,230.03757790713158,228.88739001759595,227.74295306750795,226.60423830217042,225.47121711065958,224.34386102510626,223.22214171998075,222.10603101138085,220.99550085632396,219.89052335204235,218.79107073528212,217.69711538160573,216.6086298046977,215.5255866556742,214.44795872239584,213.37571892878387,212.30884033413994,211.24729613246924,210.19105965180688
08_JPN,d_nonenergy_1_x_coal_thermal,,,0.012099852,0.02323674,0.022770010348723183,0.02065927073662984,0.020533638213740976,0.020416685519421874,0.0203064524798236,0.020201716537476364,0.0201014365280505,0.02000477088782231,0.01991058962541655,0.01960702422092534,0.019307844165281886,0.019010505543312427,0.018845440837390162,0.01867141206417981,0.01848884171192644,0.018298539906193817,0.018101151696555698,0.01789732756270616,0.01768757029633355,0.01747246682560955,0.017252699133087135,0.01702901510593453,0.0169370282914543,0.016843364331077512,0.016749790899512347,0.01665778072751705,0.01656873874483497,0.016440256665570037,0.016318262882550998,0.016204461149806563,0.016099836219132982,0.01600518504281756,0.015925159117603473,0.015845533322015454,0.01576630565540538,0.015687474127128353,0.01560903675649271,0.015530991572710246,0.015453336614846694,0.015376069931772462,0.015299189582113598,0.015222693634203031,0.015146580166032016,0.015070847265201855,0.014995493028875847,0.014920515563731467,0.01484591298591281,0.014771683420983246,0.014697825003878331,0.01462433587885894,0.014551214199464644,0.014478458128467321
08_JPN,d_nonenergy_2_coal_products,,,36.247597812,36.3738717,35.64327160488646,32.33920348507314,32.142543313770844,31.95947020204638,31.786915771457203,31.622966279001854,31.465991927310046,31.314675365887986,31.16724775102931,30.692058500062007,30.223733900347337,29.758291807912173,29.49990606036692,29.22748831722129,28.941699924826843,28.643809021627995,28.334825342657982,28.015767123045126,27.687421412967897,27.3507069665206,27.00669133215815,26.656545222807694,26.512552709744526,26.365934858976335,26.219458718421333,26.07542964242995,25.93604685233153,25.734926098433526,25.54396186628512,25.365821144906654,25.20204542572478,25.053882226259145,24.92861281512785,24.80396975105221,24.67994990229695,24.556550152785462,24.433767402021534,24.311598565011426,24.19004057218637,24.069090369325437,23.948744917478813,23.82900119289142,23.709856186926963,23.59130690599233,23.473350371462367,23.355983619605055,23.23920370150703,23.123007682999493,23.007392644584495,22.892355681361572,22.777893902954766,22.664004433439988
08_JPN,d_nonenergy_6_x_ngls,,,10.489273776,3.058499268,2.9970667134857245,2.719243939786571,2.702707757030616,2.687314043025743,2.672804792979448,2.6590190896922272,2.6458198915506617,2.6330964290564105,2.6206999688762247,2.580743651104175,2.5413645479603733,2.50222782062075,2.4805014389408813,2.4575951760367563,2.4335646412575476,2.4085164661033605,2.3825355542073705,2.35570752393378,2.3280985544458788,2.299785899238925,2.270859323191259,2.2414172657722955,2.229309646340593,2.216981275224404,2.2046648198203194,2.1925541259925203,2.180834115403496,2.163922864282086,2.147865624924745,2.132886651269405,2.11911555971871,2.1066572478610204,2.0961239616217155,2.085643341813607,2.0752151251045388,2.064839049479016,2.0545148542316207,2.044242279960463,2.034021068560661,2.0238509632178574,2.013731708401768,2.0036630498597594,1.9936447346104604,1.9836765109374082,1.973758128382721,1.9638893377408075,1.9540698910521035,1.944299541596843,1.9345780438888587,1.9249051536694144,1.9152806279010672,1.905704224761562
08_JPN,d_nonenergy_7_3_naphtha,,,1006.685203284,945.342135612,926.354136207115,840.4827492304065,835.3716313416628,830.6136356067536,826.129016117581,821.8680354716785,817.7883358980791,813.8556799930933,810.0240962280171,797.6741208106547,785.5025548881329,773.4059041577577,766.6905636405114,759.6105372631189,752.1830131483491,744.4409496987388,736.4105895172362,728.118396120805,719.5848246235631,710.8337530708504,701.8929266129369,692.7927716027791,689.0504647366316,685.2399264110114,681.4330710762115,677.6898139544267,674.0673119137875,668.8402652970857,663.8771825509428,659.2473776355815,654.9909132863992,651.1402119764821,647.8845109165995,644.6450883620166,641.4218629202065,638.2147536056056,635.0236798375774,631.8485614383895,628.6893186311976,625.5458720380417,622.4181426778514,619.3060519644622,616.2095217046399,613.1284740961166,610.0628317256361,607.0125175670079,603.9774549791728,600.9575677042769,597.9527798657556,594.9630159664267,591.9882008865947,589.0282598821617
08_JPN,d_nonenergy_7_6_kerosene,,,31.203215568,27.14729493600001,26.602018468707776,24.13605849400409,23.989283036155104,23.85264815164719,23.723863785265927,23.601501633031994,23.484345311100917,23.371411627397784,23.261380422160993,22.906727421435026,22.557197788211013,22.20981948701779,22.01697572945129,21.813659324753743,21.600363862516286,21.37803580586647,21.147428760991197,20.90930267804289,20.664244964474367,20.412941323709706,20.15618851043598,19.89486027516787,19.787392825649654,19.677965980178968,19.568644898784886,19.4611501608712,19.35712313446575,19.207018563007114,19.06449421544475,18.931540573796177,18.80930811560048,18.698727913753146,18.605234274184383,18.51220810281346,18.419647062299394,18.327548826987897,18.235911082852958,18.14473152743869,18.0540078698015,17.96373783045249,17.87391914130023,17.78454954559373,17.69562679786576,17.60714866387643,17.51911292055705,17.431517355954263,17.344359769174492,17.25763797032862,17.171349780476977,17.085493031574593,17.00006556641672,16.915065238584635
08_JPN,d_nonenergy_7_7_gas_diesel_oil,,,6.29715654,5.653812852000001,5.540251220686901,5.026679749556321,4.996111659000664,4.967655488031011,4.940834299861081,4.915350629737427,4.890951148308852,4.867431091748897,4.844515517885814,4.770653952737907,4.697859402226129,4.625512897411473,4.585350423856452,4.543006871594195,4.498585037724029,4.452282036743258,4.404254817930065,4.354661651784284,4.303624874318175,4.251287293087366,4.197814843662981,4.143389497099629,4.1210078620715285,4.0982181547826615,4.075450474377025,4.053063156149866,4.03139803849328,4.000136612363808,3.97045387639064,3.942764376952666,3.917307717469369,3.894277807201877,3.8748064181658672,3.8554323860750377,3.8361552241446626,3.816974448023939,3.7978895757838194,3.7789001279049,3.7600056272653757,3.741205599129049,3.7224995711334037,3.703887073277737,3.685367637911348,3.6669407997217913,3.6486060957231823,3.6303630652445666,3.6122112499183436,3.594150193668752,3.5761794427004086,3.558298545486906,3.5405070527594713,3.522804517495674
08_JPN,d_nonenergy_7_8_fuel_oil,,,21.083133816,18.104100012,17.740463792578456,16.09595423415383,15.998072011469409,15.906952376158008,15.821068126753234,15.739466750006521,15.661337058842866,15.586023378076323,15.512645314120263,15.27613285828127,15.043037094892568,14.811376020681411,14.682771580279356,14.547183097765634,14.404939740202524,14.256672688824075,14.102884511632347,13.944082007319293,13.78065690858972,13.613066500171168,13.441842125115452,13.26756647376945,13.195898137800837,13.122923111778196,13.050018618139166,12.978332083972832,12.908958111559183,12.80885575586032,12.71380853113693,12.62514385824632,12.54362897239473,12.469884791314776,12.407535367358202,12.345497690521412,12.283770202068805,12.22235135105846,12.161239594303169,12.100433396331653,12.039931229349994,11.979731573203244,11.919832915337226,11.86023375076054,11.800932582006737,11.741927919096705,11.68321827950122,11.624802188103715,11.566678177163196,11.508844786277379,11.451300562345992,11.394044059534263,11.337073839236592,11.280388470040409
08_JPN,d_nonenergy_7_9_lpg,,,171.791772768,158.310569844,155.1307676403895,140.75042036349953,139.8944932287347,139.09770126555705,138.34668992255288,137.63312998617027,136.9499280638623,136.29135063050205,135.6496991200026,133.58152552207414,131.5432290529965,129.51747816536707,128.392901841163,127.20725384337227,125.96341256004895,124.66689732994894,123.32210283862625,121.93346076673147,120.50439660504755,119.03890906136716,117.54164444350235,116.01769806360872,115.3909972002992,114.7528700386967,114.11535964466812,113.48849964795514,112.8818617538943,112.00652075583804,111.1753841460051,110.40005950235862,109.68725588210793,109.0424028752361,108.49719086085992,107.95470490655562,107.41493138202284,106.87785672511272,106.34346744148715,105.81175010427971,105.28269135375831,104.75627789698953,104.23249650750458,103.71133402496706,103.1927773548422,102.676813468068,102.16342940072767,101.65261225372402,101.1443491924554,100.6386274464931,100.13543430926065,99.63475713771435,99.13658335202577,98.64090043526564
08_JPN,d_nonenergy_7_x_other_petrol_prod,,,230.332782672,225.9260082,221.38809251038305,200.8658086224597,199.64430963437545,198.507202820952,197.4354298180182,196.4171039526182,195.4421021997112,194.50224220958987,193.586537310255,190.6350337833266,187.7261680945691,184.83520628386552,183.23031635078007,181.53827064887187,179.76317694380518,177.91291191857255,175.99374725652075,174.01200743693124,171.97258099920774,169.88117452434764,167.74441878740203,165.5695853403398,164.6752166034795,163.7645413245836,162.85474623856493,161.9601504014254,161.09441365394812,159.845209019668,158.65908874536495,157.55261807843002,156.53537155653046,155.61509778162156,154.83702229271344,154.06283718124985,153.2925229953436,152.52606038036689,151.76343007846506,151.00461292807273,150.2495898634324,149.4983419141152,148.75085020454463,148.0070959535219,147.2670604737543,146.5307251713855,145.7980715455286,145.06908118780095,144.34373578186194,143.62201710295264,142.9039070174379,142.1893874823507,141.47844054493893,140.77104834221424
08_JPN,d_nonenergy_8_1_natural_gas,,,9.373365972,9.340499592,9.152887727455944,8.304431253545403,8.253930601182576,8.206918989675502,8.162608485646427,8.120507656237393,8.080197983403423,8.041341182788887,8.003483030437263,7.881458489266881,7.761196731908824,7.641675177801339,7.575323924642742,7.505369374857894,7.431981356541474,7.355485516815142,7.276141147011527,7.194209721215078,7.109893347189617,7.023427953139705,6.935087676390884,6.8451731460240675,6.808197098475145,6.770546886625957,6.7329330647492025,6.695947628152592,6.660155318090473,6.608509226213841,6.559471242378076,6.5137262265854865,6.471670020668924,6.4336229764726856,6.401454861590322,6.36944758728237,6.3376003493459585,6.305912347599229,6.274382785861232,6.243010871931927,6.211795817572266,6.180736838484406,6.149833154291983,6.119083988520523,6.08848856857792,6.05804612573503,6.027755895106356,5.997617115630824,5.967629030052669,5.937790884902406,5.908101930477894,5.878561420825504,5.8491686137213765,5.819922770652769
09_ROK,d_nonenergy_2_coal_products,,,21.469994136,21.250019664,21.770051715242854,21.381311880400155,21.826046894077457,22.244156136373917,22.631954457317622,22.98797437436309,23.311568124719425,23.602180981538634,23.86122016512284,23.95255587387603,24.01494560810955,24.050334822325247,24.209797554988498,24.348644724029235,24.470244029882615,24.577685666973814,24.67221262447574,24.75658932647034,24.83255927515608,24.900418598028093,24.960759386521822,25.01338156417758,25.13547427232065,25.249929841185917,25.356037633369855,25.453236493831373,25.541049940510824,25.567146737328247,25.58401759945122,25.592644511127688,25.59305700974886,25.586037089590118,25.45810690414217,25.33081636962146,25.20416228777335,25.078141476334483,24.95275076895281,24.827987015108047,24.703847080032507,24.580327844632343,24.45742620540918,24.335139074382134,24.21346337901022,24.092396062115174,23.971934081804594,23.852074411395574,23.7328140393386,23.614149969141902,23.496079219296192,23.378598823199713,23.261705829083716,23.145397299938296
09_ROK,d_nonenergy_7_3_naphtha,,,1922.011206732,1825.329621132001,1869.9992224820517,1836.6073317133837,1874.8090843166997,1910.7237421334971,1944.0347589436606,1974.6160812469511,2002.412067654402,2027.3750683584701,2049.6259604661673,2057.471495542858,2062.8306355225695,2065.8704906379007,2079.567986169634,2091.494650448902,2101.939761483754,2111.1687601306458,2119.2884164063557,2126.5361882164257,2133.0618385379116,2138.8908040667334,2144.073944145736,2148.594072650193,2159.0815658488614,2168.9130456995467,2178.0274700233217,2186.3766368450943,2193.919617411331,2196.1612744545105,2197.6104441425396,2198.351476747259,2198.3869094651486,2197.7839138723753,2186.7949943030135,2175.8610193314985,2164.981714234841,2154.1568056636665,2143.3860216353482,2132.6690915271715,2122.0057460695357,2111.3957173391877,2100.8387387524917,2090.334545058729,2079.8828723334354,2069.483457971768,2059.136040681909,2048.8403604785,2038.5961586761073,2028.4031778827266,2018.261161993313,2008.1698561833464,1998.1290069024296,1988.1383618679174
09_ROK,d_nonenergy_7_9_lpg,,,108.9468162,147.869988552,151.4886738369942,148.78359610827667,151.87832083893403,154.78776797589848,157.48629410364498,159.963687625637,162.21544103185872,164.23769421046265,166.0402394182682,166.67580636932388,167.10995040461162,167.35620912736496,168.46584351011953,169.432022818241,170.2781814688578,171.02582283097848,171.6835963457647,172.27073848282043,172.79938154386605,173.27158615613894,173.69147243600446,174.0576481351602,174.90724016570235,175.70368854200626,176.442048235955,177.11841440459727,177.72947140880328,177.9110680900136,178.02846535497767,178.08849642087824,178.09136682605222,178.04251814120755,177.15230555050152,176.266544022749,175.38521130263524,174.50828524612209,173.63574381989147,172.767565100792,171.90372727528805,171.04420863891158,170.18898759571704,169.33804265773844,168.49135244444975,167.6488956822275,166.81065120381638,165.97659794779727,165.1467149580583,164.32098138326802,163.49937647635167,162.6818795939699,161.86847019600006,161.05912784502004
09_ROK,d_nonenergy_7_x_other_petrol_prod,,,146.091645252,133.275724848,136.5372582333549,134.09916245343788,136.88844840471359,139.51074302908566,141.9429338287097,144.17581705681056,146.2053300792425,148.02799376403635,149.65263390565028,150.22547256561677,150.61676806484553,150.8387218912878,151.83883914378814,152.70965984840828,153.47230552520634,154.1461572339859,154.7390107455564,155.2682039555592,155.74467174890012,156.17027137593405,156.54871631158866,156.87875171772208,157.64449191155302,158.36233354862455,159.02781965823473,159.6374307921178,160.18817855342138,160.35185226135422,160.457662816535,160.51176902090847,160.5143561268785,160.4703286406773,159.66797699747391,158.86963711248654,158.07528892692412,157.2849124822895,156.49848791987804,155.71599548027865,154.9374155028773,154.1627284253629,153.39191478323607,152.6249552093199,151.8618304332733,151.10252128110693,150.34700867470139,149.59527363132787,148.84729726317124,148.1030607768554,147.3625454729711,146.62573274560626,145.8926040818782,145.16314106146882
10_MAS,d_nonenergy_7_9_lpg,,,82.05114767855999,84.6013769489952,117.47119990927237,103.68122839293842,106.42882078796214,109.19190331438367,111.95970769054009,114.721077309288,117.46706633448366,120.19108237312233,122.89425493682846,123.49346848609949,124.04522760474939,124.55304412822551,125.1461244931798,125.69333004693834,126.19798292240206,126.65836666207805,127.08268227444388,127.46668546350611,127.81112320535478,128.1215564697844,128.40339948366938,128.65479604801425,128.9885427751026,129.29544801351153,129.57826850053695,129.84433361994456,130.08928416504546,130.31802620653485,130.52852675795015,130.72332701723965,130.9004176049568,131.0600748229392,130.40477444882453,129.7527505765804,129.10398682369748,128.458466889579,127.8161745551311,127.17709368235543,126.54120821394365,125.90850217287394,125.27895966200956,124.65256486369952,124.02930203938101,123.4091555291841,122.79210975153818,122.17814920278047,121.56725845676657,120.95942216448273,120.35462505366033,119.752851928392,119.15408766875005,118.5583172304063
10_MAS,d_nonenergy_7_x_other_petrol_prod,,,30.06884613817341,32.99733659484131,45.81765526042291,40.43911003849257,41.51076199444931,42.58845561424256,43.667990911685415,44.745016440803305,45.81604302946921,46.87849942625927,47.932826178084206,48.1665392911628,48.38174360596184,48.579808854517616,48.81112982275654,49.02455809656375,49.2213894177049,49.40095431095763,49.566451441011694,49.716225391979634,49.85056750925509,49.97164675507865,50.08157485709612,50.17962783627488,50.30980010401232,50.42950330294022,50.5398126518285,50.64358685288592,50.739125671251216,50.82834263684465,50.910444817671305,50.98642336502302,51.05549455442225,51.11776615272896,50.86217732196531,50.60786643535548,50.35482710317871,50.10305296766282,49.8525377028245,49.60327501431038,49.355258639238826,49.108482346042635,48.86293993431242,48.61862523464087,48.37553210846766,48.13365444792532,47.89298617568569,47.653521244807266,47.41525363858323,47.17817737039031,46.94228648353836,46.70757505112066,46.47403717586506,46.24166698998574
10_MAS,d_nonenergy_8_1_natural_gas,,,412.1478644072795,437.8680712635091,607.9911413769738,536.6189196898941,550.8395272735348,565.140306530538,579.4655244824039,593.7574383094774,607.9697473939746,622.068331742651,636.0590373250914,639.1603636930115,642.0160820016029,644.6443683216268,647.71395140493,650.546102004008,653.1580143534974,655.5408046508059,657.7369185380021,659.7243889766344,661.507082061932,663.113779489963,664.572503465145,665.8736469302015,667.6010069443155,669.1894445046617,670.6532275497332,672.0302904873226,673.2980715401409,674.4819628683425,675.5714424226019,676.5796625827556,677.4962234813963,678.3225551632484,674.9309423874321,671.5562876754949,668.1985062371175,664.8575137059319,661.5332261374023,658.2255600067152,654.9344322066817,651.6597600456482,648.40146124542,645.159453939193,641.9336566694969,638.7239883861495,635.5303684442188,632.3527166019976,629.1909530189876,626.0449982538927,622.9147732626233,619.8001993963102,616.7011983993286,613.617692407332
11_MEX,d_nonenergy_2_coal_products,,,3.379333752,3.073488012,3.142491964252112,2.863868447417476,2.9744845337395915,3.0897789297380487,3.20950788878182,3.33342242177911,3.4616170173033582,3.594265568743085,3.7315703278720136,3.8137751402525137,3.898266630350468,3.985012347730935,4.022505395795314,4.058242470945499,4.092173908075426,4.124185252997398,4.154040441033001,4.181443476235058,4.206046684578988,4.2275330747231505,4.245576787920818,4.2598615040332,4.245827375997695,4.229208516136978,4.209365890837162,4.185769130063695,4.158034371750145,4.145531511999117,4.123461053670077,4.092807022136936,4.054362601354824,4.0088195968990945,3.9486873029456078,3.889456993401424,3.8311151385004023,3.773648411422896,3.7170436852515527,3.6612880299727792,3.6063687095231876,3.55227317888034,3.4989890811971347,3.4465042449791774,3.3948066813044897,3.3438845810849225,3.2937263123686487,3.244320417683119,3.195655611417872,3.1477207772466036,3.1005049655879047,3.0539973911040863,3.0081874302375247,2.963064618783962
11_MEX,d_nonenergy_7_3_naphtha,,,46.800008532,48.059984124,49.13899560437072,44.782173081112525,46.51187149924316,48.314724420626874,50.18692039092522,52.12456597969305,54.12913870020574,56.2033577150105,58.35038562535914,59.63581832023156,60.95700768451946,62.313446292333445,62.89972328046521,63.4585422046485,63.98912645401006,64.4896863139253,64.95653045237907,65.38503039499093,65.76974957977126,66.10573122836685,66.3878799032379,66.61124932159792,66.39179833693582,66.13193002511986,65.82165184828483,65.45267043572593,65.01898335478468,64.82347673859066,64.47836204389796,63.99902642811963,63.39787287058796,62.68571910178985,61.74543331526301,60.81925181553406,59.90696303830105,59.00835859272653,58.12323321383563,57.2513847156281,56.392613944893675,55.54672473572027,54.71352386468446,53.89282100671419,53.08442869161348,52.28816226123928,51.50383982732069,50.731282229910875,49.97031299646221,49.22075830151528,48.48244692699256,47.755210223087666,47.03888206974135,46.33329883869523
11_MEX,d_nonenergy_7_9_lpg,,,1.702813428,2.412308556,2.4664681374806086,2.2477830829306042,2.3346030511309794,2.4250949147205,2.5190673626931592,2.616324969358621,2.7169418965789975,2.82105462919084,2.928821909861214,2.993342536418275,3.059657922610347,3.1277425988531835,3.1571700117089008,3.1852192026654356,3.2118511907474825,3.236976143551216,3.2604087794548158,3.2819167781911682,3.3012272585839293,3.3180914215739747,3.332253508284187,3.3434652464667955,3.3324501889803613,3.3194064361899005,3.303832425620358,3.285311882288003,3.263543521872361,3.2537303208987067,3.2364077365079056,3.212348107104904,3.1821739841471874,3.1464283495829553,3.0992319243392106,3.052743445474122,3.00695229379201,2.9618480093851303,2.9174202892443533,2.873658984905688,2.830554100132103,2.7880957886301214,2.746274351800669,2.705080236523659,2.664504032975804,2.624536472481167,2.5851684253939498,2.54639089901304,2.5081950355278444,2.4705721099949267,2.433513528345003,2.397010825419828,2.36105566303853,2.325639828092952
11_MEX,d_nonenergy_7_11_ethane,,,104.036411556,87.289797708,89.24957142750763,81.33641532400924,84.47801072331093,87.75247428532185,91.15288338856718,94.67216652101582,98.31300724233326,102.08034427967485,105.97992176360025,108.31461167138633,110.71424526354687,113.17790091881947,114.24273688636448,115.25770165875198,116.22138470272314,117.13053541738027,117.97844935554669,118.75671996862002,119.45547300455975,120.0657056268561,120.57816315679473,120.98386182062477,120.5852800814267,120.11328965565777,119.5497414193692,118.87957239107368,118.09188054610216,117.73678819038852,117.10996751129593,116.23936570611066,115.14750990580508,113.85404800504817,112.14623728497244,110.46404372569786,108.80708306981239,107.17497682376519,105.56735217140873,103.98384188883759,102.42408426050503,100.88772299659745,99.37440715164848,97.88379104437377,96.41553417870816,94.96930116602753,93.54476164853713,92.14159022380908,90.75946637045195,89.39807437489516,88.05710325927174,86.73624671038266,85.43520300972692,84.15367496458101
11_MEX,d_nonenergy_7_x_other_petrol_prod,,,46.56399861600001,40.519976004,41.429704129998875,37.756412361099805,39.21474281364381,40.734750746329105,42.313222674150474,43.94687599701792,45.63695642492395,47.385756517950995,49.19594270492064,50.27970714846687,51.393618488919266,52.5372489091398,53.031546398491926,53.502693649395425,53.95003589147275,54.37206419385419,54.76566634817344,55.126940029570214,55.45130160437549,55.734571950527744,55.97245504066441,56.16078060166799,55.97575872131073,55.756660484993915,55.49506105858791,55.18396819712891,54.81832117428254,54.653487091600255,54.36251655961889,53.95838268393786,53.4515425721506,52.85111678864629,52.058350036816584,51.277474786264335,50.50831266447037,49.750687974503315,49.00442765488577,48.26936124006247,47.54532082146154,46.83214100913962,46.129658894002525,45.43771401059249,44.7561483004336,44.08480607592709,43.423533984788186,42.77218097501636,42.13059826039112,41.49863928648525,40.87615969718797,40.26301730173016,39.65907204220421,39.06418596157114
11_MEX,d_nonenergy_8_1_natural_gas,,,16.593293232,17.22386718,17.610566234574172,16.04915638737537,16.66905038772442,17.315161696934805,17.98612435568539,18.680543025836055,19.398947222593172,20.14231144678955,20.911769120021095,21.37244596810719,21.84593738815033,22.33206152748697,22.542173061194895,22.7424440996324,22.932596318892912,23.11198831620558,23.27929718201259,23.432864151138965,23.57074085378534,23.69115086631046,23.79226807201851,23.872319808697828,23.79367237089203,23.700540061995284,23.589341729243646,23.457105171998723,23.30167922219938,23.231613031968255,23.107929893665155,22.936144298407612,22.720701259496177,22.465477664459872,22.128495499492978,21.79656806700058,21.469619545995574,21.14757525280564,20.83036162401356,20.517906199653353,20.210137606658556,19.90698554255868,19.6083807594203,19.314255048028993,19.02454122230856,18.739173103973933,18.458085507414324,18.181214224803107,17.90849601143106,17.639868571259594,17.3752705426907,17.11464148455034,16.857921862282083,16.605053034347854
12_NZ,d_nonenergy_7_x_other_petrol_prod,,,13.896784692,12.570783264,12.51026373320408,11.366246996106009,11.4814637439703,11.595603378826112,11.708227837214855,11.81889645065956,11.928936360163805,12.037023408748881,12.144045321701093,9.074718809255907,8.799381305337743,8.526230163612603,8.254345653324027,7.9843581719044,5.341652844388526,5.084070791217033,4.8284130843460815,4.574356649208597,4.32210051780843,2.3266656196200537,2.0853812995335526,1.8459731445702698,1.6084571980174114,1.3728486217695612,1.1391999200074774,0.9074403678060546,0.9035352781556102,0.8996446429507055,0.8957684376521841,0.891847951458535,0.887942765276883,0.8839950382827765,0.8795750630913627,0.8751771877759058,0.8708013018370263,0.8664472953278411,0.862115058851202,0.8578044835569459,0.8535154611391612,0.8492478838334654,0.845001644414298,0.8407766361922266,0.8365727530112654,0.832389889246209,0.828227939799978,0.824086800100978,0.8199663661004731,0.8158665342699708,0.8117872015986209,0.8077282655906278,0.8036896242626748,0.7996711761413614
12_NZ,d_nonenergy_8_1_natural_gas,,,47.98407744,42.66993967200001,42.46451375113198,38.58129310126771,38.97238183275929,39.35981443987688,39.7421039714132,40.117754633754416,40.49127123979638,40.85815910553962,41.221431502601035,30.8029894398244,29.868390979657427,28.941213850438437,28.018336142015247,27.10189765903206,18.131567447476566,17.25723762740136,16.389439758345254,15.527077204402822,14.670825554629946,7.897573249108255,7.078564030217747,6.265923217411501,5.4597052676062345,4.659961645942472,3.8668705712454394,3.0801919766693255,3.066936641953993,3.053730371032557,3.040573080609942,3.02726548426891,3.0140098218905584,3.000609760085146,2.98560671128472,2.9706786777282965,2.955825284339655,2.9410461579179565,2.9263409271283667,2.911709222492725,2.897150676380261,2.8826649229983596,2.8682515983833676,2.853910340391451,2.839640788689494,2.8254425847460465,2.8113153718223165,2.797258794963205,2.7832725009883887,2.769356138483446,2.7555093577910292,2.7417318110020745,2.7280231519470637,2.714383036187329
14_PE,d_nonenergy_7_x_other_petrol_prod,,,12.71256945593566,12.12103524370031,11.88559387868477,11.079132530090094,11.425136337958936,11.634724034927496,11.877851802552627,12.112757982756783,12.331808353532004,12.53358195723995,12.721134511101763,12.924045965804074,13.116737403131756,13.32844553012367,13.50572914413047,13.701026510326034,13.888170788021991,14.092474885381918,14.288631710771684,14.477176397247572,14.658522054254508,14.856002436461925,15.022802578160821,15.205051923343756,15.401906106002025,15.590953361641182,15.793974806259193,15.968243514688858,16.156635414209738,16.338078250185873,16.532997879169983,16.721035465110532,16.902563737021104,17.09717301433404,17.011687149262368,16.92662871351606,16.841995569948477,16.757785592098735,16.67399666413824,16.59062668081755,16.50767354741346,16.425135179676396,16.343009503778013,16.261294456259122,16.179987983977828,16.09908804405794,16.018592603837646,15.938499640818458,15.858807142614365,15.779513106901295,15.700615541366787,15.622112463659954,15.544001901341653,15.466281891834944
15_RP,d_nonenergy_1_x_coal_thermal,,,6.489764395732801,6.790362542964001,6.756410730249181,5.80949402345563,6.1118872730091605,6.420296039945218,6.734606685822604,7.05470678781377,7.380485128241562,7.711831684195946,8.048637617230144,8.202145907268445,8.353917898465932,8.503967116103762,8.652306993617753,8.7989508731787,8.9439120062692,9.087203554256963,9.228838588964692,9.368830093236488,9.507190961500841,9.64393400033022,9.779071928997267,9.912617380027637,10.044582899749477,10.174980948839597,10.303823902866323,10.43112405282906,10.5568936056946,10.681144684930164,10.803889331033227,10.925139502058137,11.044907074139523,11.163203842012546,11.107387822802483,11.05185088368847,10.996591629270029,10.941608671123678,10.886900627768059,10.832466124629219,10.778303794006073,10.724412275036043,10.670790213660863,10.617436262592559,10.564349081279596,10.511527335873199,10.458969699193833,10.406674850697863,10.354641476444373,10.30286826906215,10.251353927716842,10.200097158078256,10.149096672287865,10.098351188926424
15_RP,d_nonenergy_7_3_naphtha,,,46.23453016328161,42.67201928593686,42.45865918950717,36.50804201423739,38.408342697041995,40.34644611455156,42.32163813968909,44.33321228454102,46.38046963460398,48.462718783534164,50.579275768395796,51.54395308446237,52.497719145474086,53.44065894704856,54.37285690762865,55.29439687212927,56.20536211556218,57.105835346638976,57.995898711352105,58.87563379653444,59.74512163339716,60.60444270104635,61.45367692997821,62.292903705553236,63.12220187144925,63.94164973309366,64.75132506107484,65.55130509453288,66.34166654452984,67.12248559739943,67.89383791807673,68.65579865340732,69.40844243543664,70.15184338467935,69.80108416775596,69.45207874691717,69.1048183531826,68.75929426141667,68.41549779010958,68.07342030115905,67.73305319965324,67.39438793365498,67.05741599398671,66.72212891401676,66.38851826944668,66.05657567809945,65.72629279970894,65.3976613357104,65.07067302903184,64.74531966388668,64.42159306556725,64.0994851002394,63.77898767473821,63.460092736364516
15_RP,d_nonenergy_7_x_other_petrol_prod,,,14.82503190855859,10.13200052607598,10.0813405234456,8.668432079945244,9.119637526513465,9.579818815667224,10.048806385805252,10.526432489161403,11.012531176192295,11.506938280084256,12.009491401378781,12.238543394638949,12.465004630681484,12.688895290778722,12.910235419159225,13.12904492387365,13.345343577655452,13.559151018776342,13.77048675189658,13.979370148910146,14.18582044978478,14.389856763396942,14.591498068361739,14.790763213857804,14.9876709204472,15.182239780890356,15.374488260956067,15.564434700226599,15.752097312897904,15.93749418857499,16.120643293062482,16.301562469150383,16.48026943739508,16.6567817968956,16.573497887911124,16.490630398471566,16.40817724647921,16.32613636024681,16.244505678445577,16.16328315005335,16.082466734303082,16.002054400631568,15.922044128628412,15.842433907985269,15.76322173844534,15.684405629753115,15.605983601604349,15.527953683596326,15.450313915178345,15.373062345602454,15.296197033874442,15.21971604870507,15.143617468461546,15.067899381119238
16_RUS,d_nonenergy_1_x_coal_thermal,,,5.103206784,7.394768028,7.500980762613979,7.094303792140008,7.340618415632628,7.575051934649999,7.795731061247882,8.00247255560346,8.195003950137076,8.374086527405781,8.53916982620335,8.599766578390772,8.649276012533024,8.689713725819766,8.73125981481594,8.76458568472114,8.792646714520032,8.819639086861699,8.84803226605984,8.879455021132044,8.91586948147753,8.95876052679469,9.00912604865761,9.069415034073439,9.102341383550701,9.144448368261257,9.193478392166774,9.248244126654422,9.307083955858904,9.347228795437188,9.389966485921855,9.432758264107873,9.473936793258344,9.511580640450129,9.464022737247879,9.41670262356164,9.369619110443832,9.322771014891613,9.276157159817155,9.229776374018067,9.183627492147979,9.137709354687237,9.092020807913801,9.046560703874233,9.00132790035486,8.956321260853088,8.911539654548823,8.86698195627608,8.8226470464947,8.778533811262225,8.734641142205914,8.690967936494884,8.64751309681241,8.604275531328348
16_RUS,d_nonenergy_7_3_naphtha,,,355.643204256,400.386782232,406.1376286254405,384.1182653405627,397.4548729452193,410.14818285991544,422.09676665182536,433.29070287341267,443.7152388756331,453.4115940006259,462.3499637446838,465.6309508601909,468.31161953719135,470.5011034861662,472.7505999983645,474.5550160078866,476.0743693378021,477.5358606335082,479.0731980609212,480.77457067255483,482.74621718658176,485.0685358253923,487.7955570325178,491.0598802382323,492.842664372627,495.12253036083854,497.77724156069723,500.74251053533624,503.92836975269904,506.10199617087846,508.41601147310166,510.7329553324643,512.9625504625853,515.0007616398505,512.4257578316511,509.8636290424929,507.31431089728045,504.77773934279406,502.25385064608,499.7425813928497,497.24386848588534,494.7576491434559,492.28386089773863,489.82244159324995,487.3733293852837,484.93646273835725,482.5117804246655,480.09922152254217,477.69872541492947,475.31023178785483,472.9336806289155,470.56901222577096,468.21616716464206,465.8750863288189
16_RUS,d_nonenergy_7_9_lpg,,,336.719998692,350.19797778,355.22795096312893,335.96873253593503,347.6335856750926,358.7357790059546,369.1865982311436,378.9773655645335,388.0951776134763,396.5760868424968,404.39402476634484,407.2637375140226,409.6083822211992,411.52341260017033,413.4909329194064,415.06916393414144,416.39806510491337,417.67635729389673,419.0209882411131,420.50909243057447,422.2335914718768,424.2648056057165,426.64999251617047,429.5051301885204,431.06444090103423,433.0585238580946,435.38046487871935,437.97403500784174,440.760544215745,442.6617048181311,444.6856564452879,446.7121695325967,448.66228312396925,450.44500289455647,448.19277788008367,445.95181399068326,443.7220549207298,441.5034446461262,439.2959274228956,437.09944778578114,434.9139505468522,432.739380794118,430.5756838901474,428.42280547069663,426.28069144334313,424.14928798612647,422.0285415461958,419.9183988384649,417.81880684427256,415.7297128100512,413.65106424600094,411.582808924771,409.5248948801471,407.4772704057463
16_RUS,d_nonenergy_7_x_other_petrol_prod,,,546.1102402920001,744.3270012600002,755.017939224721,714.0835043961735,738.8765235113834,762.4736394106666,784.686294617608,805.4960449636668,824.8754649804935,842.9011822459448,859.5177895941183,865.617209977689,870.6006264296515,874.6709206910217,878.8527795024829,882.2072247963708,885.0317328922828,887.7486743143654,890.6066152056509,893.7695007709126,897.4348309028151,901.7520674977894,906.8216542262944,912.8900960697243,916.2043272769848,920.4426435491159,925.3778045341687,930.8902986068214,936.8128743334152,940.8536891292581,945.1554896561684,949.4627344291187,953.6075961749925,957.396671341388,952.609687984681,947.8466395447576,943.1074063470338,938.3918693152987,933.6999099687221,929.0314104188784,924.386253366784,919.76432209995,915.1655004894503,910.5896729870032,906.036724622068,901.5065409989577,896.9990082939629,892.514013252493,888.0514431862306,883.6111859702995,879.1931300404481,874.7971643902457,870.4231785682945,866.071062675453
16_RUS,d_nonenergy_8_1_natural_gas,,,1660.363337196,1830.132634356,1856.4192455201655,1755.770679873848,1816.7311358429956,1874.751134863391,1929.3670565229643,1980.5335507609182,2028.1831845208756,2072.5043677768,2113.3608667734675,2128.3579692240473,2140.6110690899454,2150.6190069271534,2160.9012568927847,2169.1490831735914,2176.09391311202,2182.7742608002936,2189.8012944606985,2197.578118466707,2206.590340620045,2217.205454097487,2229.67042728646,2244.5913604765124,2252.7403093658327,2263.1613755252206,2275.2958260547002,2288.8498087558214,2303.4120899821305,2313.347544446018,2323.9247041049603,2334.5152499400456,2344.7065324451496,2354.0230157976407,2342.2529007186527,2330.541636215059,2318.8889280339836,2307.2944833938136,2295.7580109768446,2284.27922092196,2272.8578248173503,2261.4935356932633,2250.186068014797,2238.935137674723,2227.7404619863496,2216.6017596764177,2205.5187508780355,2194.4911571236453,2183.5187013380273,2172.6011078313372,2161.7381022921804,2150.9294117807194,2140.174764721816,2129.4738908982067
17_SIN,d_nonenergy_7_3_naphtha,,,273.617679528,300.530890476,303.58452271446487,279.82306640576127,285.0657420063445,289.9938994699966,294.5495893405059,298.9665215820641,303.3884037796525,307.73720199877516,312.03756883009805,312.5490130538027,312.8507578808585,313.0937314842605,313.2295510726615,313.21072918007053,313.1367387440424,312.91137294648814,312.6331814519676,312.20682614719715,311.6821379485709,311.0128825475858,310.2957855883264,309.4372202180342,308.486081899202,307.44366955702765,306.3112702594955,305.04387040356005,303.7355239343092,302.3409804907161,300.90713484754195,299.3436979962491,297.6977525457262,296.06056147051567,294.580258663163,293.10735736984725,291.641820582998,290.183611480083,288.7326934226826,287.28902995556916,285.8525848057913,284.4233218817624,283.00120527235356,281.5861992459918,280.1782682497618,278.777376908513,277.3834900239704,275.9965725738506,274.6165897109813,273.2435067624264,271.8772892286143,270.51790278247125,269.16531326855886,267.81948670221607
17_SIN,d_nonenergy_7_x_other_petrol_prod,,,23.284134576,23.377542084,23.61507645542753,21.766732533263543,22.174547082015174,22.557896055961347,22.912271712656075,23.255853762393652,23.599820856760843,23.93810293226177,24.272617651918907,24.31240161171198,24.33587358286926,24.35477388835811,24.365338952530536,24.363874844846137,24.358119314926,24.34058867636743,24.318948859707437,24.2857837529052,24.24496957761382,24.192909883261954,24.13712871442156,24.07034307370396,23.996356416156086,23.915269781902065,23.827183288723205,23.728595441655443,23.626822460525545,23.51834443356157,23.406809187343875,23.28519336699048,23.157159410226093,23.029806434298514,22.91465740212702,22.800084115116384,22.6860836945408,22.5726532760681,22.459790009687758,22.34749105963932,22.235753604341124,22.124574836319418,22.01395196213782,21.903882202327132,21.794362791315496,21.685390977358917,21.576964022472126,21.469079202359765,21.361733806347967,21.25492513731623,21.14865051162965,21.0429072590715,20.93769272277614,20.833004259162262
18_CT,d_nonenergy_1_x_coal_thermal,,,0.5892833705220001,1.850508492048001,1.8352263929189951,1.7802041382406482,1.776425800055777,1.7711090969972743,1.7601928822166166,1.7469938436287562,1.731618596134635,1.7209854978195924,1.708650161012646,1.6871768660972861,1.6630549551019183,1.6356411502989734,1.6162500925126224,1.5972142249150796,1.5745435653198245,1.5496864623518432,1.5221566762519476,1.4939742738250075,1.4662089850477094,1.4356730932008839,1.403789333757655,1.3705671339903047,1.3359371964020186,1.3009678437425483,1.2646533299133342,1.2278120497945209,1.1903136498492102,1.1635453527817363,1.1362098466536845,1.1087834607440001,1.0813240149802474,1.0533227229643043,1.048056109349483,1.0428158288027354,1.0376017496587218,1.032413740910428,1.027251672205876,1.0221154138448467,1.0170048367756226,1.0119198125917443,1.0068602135287859,1.001825912461142,0.9968167828988361,0.991832698984342,0.9868735354894204,0.9819391678119731,0.9770294719729133,0.9721443246130488,0.9672836029899835,0.9624471849750336,0.9576349490501583,0.9528467743049075
18_CT,d_nonenergy_2_coal_products,,,11.67713843688,13.17104059320001,13.062269869454406,12.67064759211168,12.643755175339951,12.605913408006026,12.528216975583277,12.434272487471512,12.324838777901531,12.249157434021873,12.161360364992875,12.00852364999518,11.836835343634622,11.641716900555206,11.503700560534815,11.368212295589577,11.206853307459097,11.029932253798703,10.833988310930035,10.63339935498943,10.435779215909179,10.218439240009369,9.991505782694711,9.75504594281205,9.5085664936902,9.259671249288445,9.001201786531452,8.738983051499698,8.472087249625732,8.281563224039475,8.08700207374193,7.891794084319826,7.696350790557421,7.497050892508389,7.459565638045847,7.422267809855618,7.385156470806339,7.348230688452308,7.311489535010046,7.274932087334996,7.238557426898321,7.20236463976383,7.16635281656501,7.130521052482185,7.094868447219774,7.059394104983675,7.024097134458757,6.988976648786464,6.95403176554253,6.9192616067148185,6.884665298681244,6.850241972187838,6.815990762326899,6.781910808515264
18_CT,d_nonenergy_7_3_naphtha,,,756.60503007024,763.74630829224,757.4390436442312,734.7301265735535,733.170721765321,730.9763993125104,726.4710329361445,721.0234940365373,714.6777849716096,710.2892671027538,705.1981972760921,696.335687436796,686.3800344090829,675.065743064588,667.062619133059,659.2060901491402,649.8494010840369,639.5903178600388,628.228158436171,616.5966496347386,605.1372929803628,592.5344463743396,579.3753046174197,565.6637585560558,551.3712075609653,536.9385723626897,521.9507590164268,506.74553742224555,491.2691077553916,480.2212319134779,468.93925618609615,457.61977233701776,446.28664394558473,434.7298834678625,432.5562340505232,430.39345288027056,428.24148561586924,426.10027818778985,423.9697767968509,421.84992791286663,419.74067827330236,417.6419748819358,415.5537650075261,413.47599618248853,411.4086162015761,409.3515731205682,407.3048152549653,405.2682911786905,403.241949722797,401.22573997418306,399.2196112743122,397.2235132179406,395.2373956518509,393.2612086735916
18_CT,d_nonenergy_7_9_lpg,,,44.51236867872417,67.33259551475197,66.77654110933234,64.77450154318768,64.6370229432174,64.44356940433954,64.04637205153803,63.56611187967768,63.006668178171005,62.619772300096436,62.170938778213404,61.38961154458113,60.51191177553201,59.51443316992226,58.80887020917813,58.116231197400786,57.29133665671669,56.386886195125285,55.38518749445062,54.35974269838431,53.34947499811397,52.23839614425309,51.078273784747104,49.86945094029227,48.60940615241205,47.337011408939695,46.015671635853195,44.67516494639706,43.310748297233964,42.33675713382773,41.34212750352859,40.34419112181305,39.345051824363075,38.32619691107741,38.13456592652202,37.94389309688942,37.75417363140497,37.56540276324794,37.3775757494317,37.19068787068454,37.00473443133112,36.81971075917446,36.63561220537859,36.4524341443517,36.270171973629935,36.08882111376178,35.90837700819298,35.72883512315201,35.55019094753625,35.37243999279857,35.19557779283458,35.0195999038704,34.84450190435105,34.6702793948293
18_CT,d_nonenergy_7_x_other_petrol_prod,,,222.1619336192309,248.87629320552,246.82099208154781,239.42100724116384,238.912855667708,238.1978082334699,236.72967821292693,234.95452948394825,232.88670076557293,231.45664729361673,229.79765847343742,226.9096987237747,223.66552458495914,219.97862114661515,217.37070305062193,214.81055475301307,211.76156051773293,208.41850985188455,204.71600800078514,200.9257352839706,197.19156049884054,193.08476520164527,188.79669416723175,184.32861527661245,179.67120865678507,174.96815384612938,170.0841872876333,165.12937553058535,160.08618722875892,156.4860986162478,152.80972562618547,149.12113014523626,145.42808841939288,141.6621733793702,140.9538625124733,140.24909319991096,139.5478477339114,138.85010849524184,138.15585795276564,137.4650786630018,136.77775326968677,136.09386450333835,135.41339518082165,134.73632820491756,134.06264656389294,133.3923333310735,132.7253716644181,132.06174480609604,131.40143608206554,130.74442890165523,130.09070675714696,129.44025322336122,128.79305195724442,128.1490866974582
19_THA,d_nonenergy_6_1_crude_oil,,,242.098820429726,241.335674943532,244.9711094211243,223.01800576074177,232.32697344424923,241.8469713947745,251.58067291905405,261.4178301291234,271.36116962951706,281.35942041261546,291.271566886489,296.2743282222172,300.81719911813997,304.8252280147529,311.8557915289974,318.56335672526666,324.8952844560781,330.7695874110459,336.12904458862937,341.18834439567723,345.5979029377198,349.3165399988378,352.221819164755,354.25190798611595,360.45178916434156,366.1147661857468,371.25662852540603,375.79983208389734,379.66633274742145,382.8258442077347,385.21774781893635,386.81795838754374,387.5286830672808,387.32109922949587,385.3844937333484,383.45757126468163,381.5402834083583,379.63258199131644,377.7344190813599,375.84574698595304,373.9665182510233,372.0966856597682,370.23620223146935,368.385021220312,366.54309611421047,364.7103806336394,362.8868287304712,361.07239458681886,359.26703261388474,357.47069745081535,355.6833439635613,353.9049272437435,352.1354026075248,350.37472559448713
19_THA,d_nonenergy_6_x_ngls,,,40.8213,39.188448,39.77877529005302,36.213997469969826,37.725601571121345,39.271473082788894,40.85204610052032,42.44941840730765,44.06403275327492,45.68756367548976,47.297112851137584,48.10946872230114,48.84714689573007,49.49797662504449,50.639610048089516,51.72879452096993,52.75698242015525,53.710860523510114,54.58113719918643,55.40267387191953,56.11870458585447,56.722542435913695,57.19430601394943,57.52395487431746,58.53070085671696,59.45026353877988,60.28520683909401,61.022939030768576,61.65078719382997,62.1638333922292,62.55223427954318,62.812078866016336,62.927487402946106,62.893779628765685,62.57931073062186,62.266414176968745,61.95508210608391,61.64530669555349,61.33708016207572,61.03039476126535,60.725242787459024,60.42161657352174,60.11950849065413,59.81891094820086,59.519816393459855,59.22221731149255,58.92610622493508,58.63147569381041,58.338318315341354,58.046626723764646,57.75639359014582,57.467611622195086,57.18027356408412,56.894372196263696
19_THA,d_nonenergy_7_9_lpg,,,31.18144420800001,32.965523424,33.462109767712036,30.46340038454616,31.734969506250717,33.035364549411675,34.36495067743001,35.70866845355237,37.066890321453606,38.43261285902034,39.786573879673625,40.46993180442394,41.090470466877356,41.637951772765,42.59829966276085,43.51452722690925,44.379444160462405,45.181851312687094,45.91393251522332,46.60501337733498,47.20734208584943,47.71529358192361,48.112143523067665,48.38944583491623,49.2363257181106,50.00986656196799,50.71222514795275,51.3328092508314,51.86095834533281,52.292535438432395,52.61926025664034,52.837842855317895,52.93492510842187,52.90656995592092,52.642037106141316,52.37882692061061,52.11693278600755,51.85634812207751,51.59706638146712,51.33908104955979,51.08238564431199,50.82697371609043,50.572838847509985,50.31997465327243,50.06837478000607,49.81803290610603,49.568942741575505,49.32109802786763,49.07449253772829,48.82912007503965,48.584974474664456,48.342049602291134,48.10033935427968,47.85983765750828
19_THA,d_nonenergy_7_11_ethane,,,79.97637083040003,92.5330278312,93.92692767535799,85.50965926917353,89.07890764465422,92.7290693354819,96.46116934207022,100.23293637200568,104.04541586116648,107.878949457856,111.67946890343102,113.59762979704986,115.339459301305,116.87621945715561,119.57188113040314,122.14369865025884,124.57148909225386,126.82381684673159,128.8787422127783,130.8185811112813,132.50929593572488,133.93509735008715,135.04904073197682,135.8274182571842,138.20457935344203,140.3758804279796,142.34737548809125,144.08933254197083,145.57182788208556,146.7832491191595,147.7003538260233,148.3139072474782,148.5864136085283,148.5068217245536,147.7642876159308,147.02546617785114,146.29033884696187,145.55888715272707,144.83109271696344,144.10693725337862,143.38640256711173,142.6694705542762,141.9561232015048,141.24634258549727,140.5401108725698,139.83741031820696,139.1382232666159,138.44253215028286,137.75031948953142,137.06156789208376,136.37626005262334,135.69437875236022,135.0159068585984,134.34082732430542
19_THA,d_nonenergy_7_x_other_petrol_prod,,,41.65231281120001,36.37188715680001,36.9197863126785,33.61121699625316,35.0141787515347,36.44894504238868,37.915918764951265,39.398484374333556,40.897052799224284,42.40389694621305,43.89776424583113,44.65173429529889,45.336393899118654,45.94044704949896,47.00002874146658,48.01093110587114,48.96522085588001,49.85054162021763,50.65826957726493,51.42076058369165,52.08532857903673,52.64576726095031,53.08362414226911,53.38958040648947,54.32396931792063,55.177440986551055,55.95237505644206,56.637084796096104,57.21980811646013,57.69598054447774,58.05646619690739,58.29763517551831,58.404749044435526,58.373463922891624,58.08159660327716,57.791188620260776,57.50223267715947,57.214721513773675,56.92864790620481,56.64400466667379,56.360784643340416,56.07898072012372,55.7985858165231,55.51959288744049,55.24199492300328,54.96578494838827,54.69095602364632,54.41750124352809,54.145413737310456,53.87468666862391,53.60531323528079,53.33728666910439,53.07060023575887,52.80524723458007
19_THA,d_nonenergy_8_1_natural_gas,,,2.235160829983978,93.26125806455728,94.66612782975405,86.182615948355,89.77995412742591,93.45884240552955,97.22031384978087,101.0217644948401,104.8642480041128,108.72795131567203,112.55838065642284,114.49163737893562,116.24717499299848,117.79602937329132,120.51290576711344,123.10496336034115,125.5518603899142,127.8219138495232,129.89301137392158,131.84811670611688,133.55213737043195,134.98915976957164,136.11186982934868,136.89637314617994,139.29224237963405,141.48063148344357,143.46764210963295,145.22330827712938,146.7174707803402,147.9384258410752,148.86274811544268,149.4811301711891,149.7557811434721,149.67556287540947,148.92718506103242,148.18254913572724,147.44163639004861,146.70442820809836,145.97090606705788,145.2410515367226,144.51484627903898,143.7922720476438,143.07331068740555,142.35794413396854,141.6461544132987,140.93792364123217,140.23323402302603,139.5320678529109,138.8344075136463,138.1402354760781,137.4495342986977,136.76228662720422,136.0784751940682,135.39808281809786
20_USA,d_nonenergy_6_x_ngls,,,185.464731132,238.469828472,241.4260568284901,218.22738694812608,234.15158406451283,238.49922641821854,242.77660728571368,247.00028478560625,251.18440432582483,255.3455517101306,259.501073161183,261.45364858944754,263.3115037310205,264.9930757354311,266.4179742644393,267.6595970801091,268.71800714082184,269.58876535521637,270.26897525580614,270.7578645541234,271.0597252303391,271.17988962012197,271.12309254258946,270.89425343955503,270.15233329012693,269.27134909510283,268.26459448310965,267.1407696111881,265.90759403084246,265.1609376312275,264.3053980001445,263.34676092674306,262.28795167665623,261.1301520779375,259.82450131754786,258.5253788109601,257.2327519169053,255.94658815732078,254.66685521653417,253.39352094045148,252.1265533357492,250.86592056907048,249.61159096622515,248.36353301139403,247.12171534633708,245.88610676960536,244.65667623575735,243.43339285457856,242.21622589030562,241.0051447608541,239.80011903704983,238.6011184418646,237.40811284965525,236.221072285407
20_USA,d_nonenergy_7_3_naphtha,,,438.462504396,449.4150057240001,454.9862488127644,411.26654463099567,441.2769370737921,449.4704084483311,457.53146656778523,465.49131649912965,473.37661636773765,481.21862341541646,489.05002795274225,492.729808757269,496.2310817880516,499.4001354869193,502.08546798652117,504.4254030985925,506.42005947311753,508.0610712959287,509.34297994796157,510.26432999131714,510.8332099976415,511.05966916972255,510.9526306437675,510.5213654918652,509.12315905904956,507.462875577544,505.5655679281417,503.44763223588416,501.12361659813735,499.71648433215245,498.10415311749136,496.2975267254212,494.3021180473617,492.12015433052824,489.65955355887553,487.21125579108116,484.7751995121257,482.3513235145651,479.93956689699223,477.5398690625073,475.1521697171948,472.77640886860877,470.41252682426574,468.0604641901444,465.72016186919365,463.3915610598477,461.0746032545485,458.7692302382757,456.4753840870843,454.19300716664895,451.92204213081567,449.6624319201616,447.41411976056077,445.17704916175796
20_USA,d_nonenergy_7_7_gas_diesel_oil,,,195.374886732,184.032008172,186.31338961360973,168.41050507530866,180.699531291468,184.05469516394945,187.35563682103646,190.61513449903052,193.84410449641757,197.05534641469393,200.262246686058,201.7690887862653,203.20283331817154,204.50053657413645,205.6001596980131,206.55834523294632,207.3751417651973,208.04712355783778,208.57205534810285,208.94934114530253,209.18229315767275,209.27502645690896,209.23119499905292,209.05459521722915,208.4820403750615,207.8021669855559,207.02523401181796,206.15795554167116,205.2062889097378,204.6300790071431,203.96984170421982,203.23004201192072,202.41293741712522,201.51943996053623,200.51184276073357,199.5092835469299,198.51173712919524,197.51917844354927,196.53158255133152,195.54892463857487,194.57118001538203,193.59832411530508,192.63033249472858,191.66718083225493,190.70884492809364,189.75530070345317,188.80652419993586,187.8624915789362,186.9231791210415,185.98856322543628,185.05862040930913,184.13332730726256,183.21266067072625,182.29659736737264
20_USA,d_nonenergy_7_9_lpg,,,1040.361142932,1057.914595008,1071.0291979938222,968.1138245544892,1038.757732218422,1058.0450119943632,1077.0205934216901,1095.7579326497757,1114.3197824117265,1132.7797216755034,1151.214702826393,1159.8768386473091,1168.118770476901,1175.5786641557852,1181.8998870958194,1187.40805098644,1192.1034351275111,1195.9663465475155,1198.9839357583342,1201.152776686124,1202.4919096786446,1203.0249903730287,1202.7730236665466,1201.7578334910854,1198.466481459511,1194.5582049120785,1190.0919778659002,1185.1063964954737,1179.6357067523966,1176.3233434749536,1172.5279456750313,1168.2751806281262,1163.5780255784766,1158.4417234247528,1152.649514807629,1146.8862672335908,1141.1518358974229,1135.4460767179355,1129.7688463343459,1124.120002102674,1118.4994020921608,1112.9069050817,1107.3423705562914,1101.8056587035098,1096.2966304099923,1090.8151472579423,1085.3610715216528,1079.9342661640444,1074.5345948332242,1069.161921859058,1063.8161122497627,1058.4970316885137,1053.2045465300712,1047.9385237974209
20_USA,d_nonenergy_7_10_refi_gas_notliq,,,45.643823712,49.975905672,50.595439767510065,45.733715560780624,49.07093510796674,49.98206657292646,50.8784734019449,51.763625664921285,52.640487802165985,53.5125356855307,54.38340454716597,54.79260400877362,55.18195302580616,55.53435854566408,55.83297323807262,56.09317900545925,56.31498904195485,56.497473051208914,56.64002402315724,56.74248011000607,56.80574077814722,56.83092352033059,56.81902060830437,56.771063005027706,56.615579472198604,56.43095241345847,56.21996776250197,55.98444880334949,55.726013315408494,55.56953721092328,55.39024254637127,55.1893418443371,54.96744815008641,54.72480913825252,54.45118509256125,54.178929167098445,53.908034521262955,53.638494348656636,53.37030187691335,53.10345036752879,52.83793311569114,52.57374345011268,52.310874732862125,52.04932035919781,51.789073757401816,51.53012838861481,51.27247774667174,51.016115357938375,50.76103478114868,50.507229607242934,50.25469345920672,50.00341999191069,49.75340289195113,49.504635877491374
20_USA,d_nonenergy_7_11_ethane,,,1327.410663012,1584.850798548,1604.4976482207405,1450.3212028367357,1556.1521026107278,1585.0461748722869,1613.4732950953369,1641.5435071695656,1669.3508203086126,1697.0054623954093,1724.6227149941258,1737.5993701397201,1749.946522077451,1761.122110834664,1770.5918688582187,1778.8435916171034,1785.8776975275237,1791.664684754662,1796.1853036146554,1799.434421542086,1801.4405626829425,1802.2391652999893,1801.8616966103048,1800.3408508181683,1795.4101107374872,1789.5551624870586,1782.8643544255826,1775.395507078707,1767.1999239486167,1762.2377071400877,1756.5518613616118,1750.1808384903625,1743.144079600308,1735.4494390231528,1726.772191828037,1718.138330868897,1709.5476392145526,1700.99990101848,1692.4949015133875,1684.0324270058204,1675.6122648707913,1667.2342035464374,1658.8980325287052,1650.6035423660617,1642.3505246542313,1634.1387720309604,1625.9680781708057,1617.8382377799517,1609.7490465910519,1601.7003013580966,1593.691799851306,1585.7233408520497,1577.794724147789,1569.90575052705
20_USA,d_nonenergy_7_x_other_petrol_prod,,,1845.104045004,1677.537004644,1698.3328533011072,1535.1397674831242,1647.1599341564133,1677.7438070850392,1707.8334194026909,1737.5452506525883,1766.9788079522482,1796.250765598539,1825.483147122019,1839.2187108881371,1852.2879564578034,1864.1171227781183,1874.140696936703,1882.8750019531587,1890.3204807137627,1896.4459060394906,1901.2309024747883,1904.670037288432,1906.7935027928247,1907.6388097727177,1907.2392657300732,1905.629476911464,1900.4103742973873,1894.2130134105657,1887.1309094520232,1879.225264442474,1870.5503822466492,1865.297962063626,1859.2795932021343,1852.5359763053602,1845.0876894119574,1836.943046195423,1827.758330964446,1818.6195393096239,1809.5264416130758,1800.4788094050105,1791.4764153579854,1782.5190332811953,1773.6064381147894,1764.7384059242156,1755.9147138945943,1747.1351403251213,1738.3994646234955,1729.707467300378,1721.0589299638762,1712.4536353140568,1703.8913671374867,1695.3719103017993,1686.8950507502902,1678.4605754965387,1670.068272619056,1661.7179312559608
20_USA,d_nonenergy_8_1_natural_gas,,,1006.706681568,1013.613310584,1026.178725800106,927.5730416796006,995.2586615374946,1013.7382662221278,1031.9192252537628,1049.871918728392,1067.656471542536,1085.3433814676184,1103.0063784269955,1111.3057782155963,1119.202570496203,1126.3500732947641,1132.4065883872127,1137.6840921316139,1142.1828521318562,1145.8840000802818,1148.7752245745778,1150.8532430113407,1152.136298403776,1152.6470557843743,1152.4056404482787,1151.4329624273148,1148.2794392178193,1144.5348258543077,1140.2556267550056,1135.4788218390797,1130.237222972948,1127.0635683855655,1123.4271068534952,1119.3524308081223,1114.8519740579577,1109.930759949784,1104.3811061500353,1098.859200619285,1093.3649046161886,1087.8980800931079,1082.4585896926424,1077.046296744179,1071.6610652604581,1066.3027599341558,1060.971246134485,1055.6663899038124,1050.3880579542933,1045.136117664522,1039.9104370761993,1034.7108848908183,1029.5373304663642,1024.3896438140323,1019.2676955949622,1014.1713571169875,1009.1005003314025,1004.0549978297455
21_VN,d_nonenergy_1_x_coal_thermal,,,21.49830913913899,23.56309938528,24.698462716754065,20.7354861794668,23.428553716175404,26.397823504847256,29.66958620752719,31.688071678056733,33.55886806859185,35.54573296454063,37.655808914615314,39.56881609230044,41.5871985904546,42.937565379146214,43.93227634108434,44.95206730811533,45.997559711177246,47.069390432803004,47.50112783584313,47.93732736409328,48.378032418489084,48.823286835148174,49.273134889667986,49.72762130146566,50.18679123816023,50.65069032000011,51.119364624333194,51.592860690122386,52.07122552250497,52.55450659739877,53.04275186615309,53.536009760245825,54.03432919602838,54.537759579516376,54.265070781618796,53.9937454277107,53.72377670057215,53.45515781706929,53.187882027983946,52.921942617844024,52.65733290475481,52.394046240231035,52.13207600902988,51.87141562898473,51.612058550839805,51.3539982580856,51.09722826679518,50.8417421254612,50.58753341483389,50.33459574775972,50.08292276902092,49.832508155175816,49.58334561439994,49.33542888632793
21_VN,d_nonenergy_7_1_mo_gasoline,,,0.008341821118272601,0.0083718310602528,0.008775218995247658,0.0073671966666298576,0.008324027772866253,0.009378991919841007,0.010541430025635512,0.011258586078858492,0.011923269067866076,0.01262919051633313,0.013378888129940073,0.014058568364138624,0.01477568783188036,0.015255465234651265,0.01560888020740013,0.01597120595891348,0.01634266327996013,0.016723478451169962,0.0168768722191775,0.017031851354110554,0.017188431276067086,0.017346627559762684,0.017506455936057527,0.01766793229349833,0.01783107267987532,0.017995893303795276,0.01816241053626976,0.018330640912319437,0.01850060113259398,0.01867230806500865,0.018845778746396702,0.01902103038417828,0.019198080358046248,0.019376946221668273,0.019280061490559934,0.019183661183107135,0.0190877428771916,0.01899230416280564,0.01889734264199161,0.018802855928781653,0.018708841649137744,0.018615297440892055,0.018522220953687597,0.018429609848919157,0.018337461799674562,0.018245774490676187,0.018154545618222807,0.018063772890131693,0.017973454025681034,0.01788358675555263,0.01779416882177487,0.017705197977665996,0.017616671987777666,0.01752858862783878
21_VN,d_nonenergy_7_6_kerosene,,,0.4911313018720285,0.4911313018720285,0.5147959506504896,0.4321946852472596,0.4883269343926866,0.5502161329686047,0.6184102635161065,0.6604820377229516,0.69947549320169,0.7408881922289137,0.78486900865141,0.8247422736368287,0.8668119015658878,0.8949579186959252,0.9156909165810948,0.9369466629956836,0.9587381105729867,0.9810785340075773,0.9900773396975624,0.9991691505278174,1.0083548711143973,1.0176354151439597,1.0270117054633452,1.0364846741700333,1.0460552627034831,1.055724421937416,1.0654931122729867,1.0753623037329016,1.085332976056451,1.0954061187955162,1.1055827314115108,1.115863823373282,1.1262504142560126,1.1367435338410725,1.1310598161718672,1.1254045170910079,1.119777494505553,1.114178607033025,1.10860771399786,1.1030646754278708,1.0975493520507316,1.092061605290478,1.0866012972640255,1.0811682907777054,1.075762449323817,1.070383637077198,1.065031718891812,1.059706560297353,1.0544080274958663,1.0491359873583868,1.0438903074215948,1.038670855884487,1.0334775016050644,1.028310114097039
21_VN,d_nonenergy_7_x_other_petrol_prod,,,29.40401997448,32.69314354502,34.26842851771005,28.76990904535163,32.50646517977298,36.626244239296156,41.16572378462197,43.96631610707273,46.56199394805652,49.31871360474115,52.246385164357,54.9006292958308,57.70107874698121,59.574675023059484,60.95480875388625,62.36974029264157,63.82033185742883,65.30746710500851,65.9064907164848,66.51170540230245,67.12317138004978,67.74094947111803,68.3651011066644,68.99568833363357,69.63277382083783,70.2764208651001,70.92669339745619,71.58365598941974,72.24737385930842,72.91791287863477,73.5953395785592,74.27972115640723,74.97112548225284,75.66962110556544,75.2912730000376,74.91481663503743,74.54024255186224,74.16754133910291,73.79670363240739,73.42772011424535,73.06058151367412,72.69527860610575,72.33180221307522,71.97014320200985,71.61029248599979,71.2522410235698,70.89597981845195,70.54149991935968,70.18879241976288,69.83784845766407,69.48865921537575,69.14121591929887,68.79550983970238,68.45153229050386
21_VN,d_nonenergy_8_1_natural_gas,,,40.75087263657238,42.47447723203472,44.521065551519904,37.37746555426107,42.23194729717302,47.58430693257387,53.48193559981161,57.12042618033169,60.492694717517274,64.07418654107701,67.87777669846098,71.32613374541488,74.96443870952933,77.39858892395353,79.19163946516078,81.02989883428484,82.91448721308952,84.84655263614368,85.62479577792244,86.41108227734874,87.20549036827548,88.00809906900793,88.81898819005086,89.63823834193151,90.46593094309891,91.30214822790478,92.14697325466128,93.00048991378063,93.8627829359937,94.73393790065315,95.61404124411692,96.50318026821539,97.4014431488044,98.30891894440087,97.81737434967886,97.32828747793047,96.84164604054082,96.35743781033813,95.87565062128644,95.39627236818001,94.9192910063391,94.4446945513074,93.97247107855087,93.5026087231581,93.03509567954232,92.56992020114461,92.10707060013888,91.64653524713819,91.1883025709025,90.73236105804799,90.27869925275776,89.82730575649396,89.3781692277115,88.93127838157294
