Economy,Year,GDP,Population,GDPpercap,lnGDPpercap
AUS,2019,72.82510180518581,25203.2,0.002889518069339838,-5.846665548777357
BD,2019,3.78586420045704,433.296,0.008737362450742771,-4.740146913950382
CDA,2019,189.88503029347302,37411.038,0.005075641854510239,-5.283302288256301
CHL,2019,46.2847349653561,18952.035,0.0024422039620207595,-6.0148543842504125
PRC,2019,6524.371944176831,1433783.69199999,0.004550457632194129,-5.392527472572753
HKC,2019,4.4000676846879,7436.15699999999,0.0005917125855045698,-7.432489538430816
INA,2019,634.7284028867659,270625.567,0.0023454118172314665,-6.055294277478328
JPN,2019,1088.2287730143498,126860.299,0.008578166546922216,-4.758535077486955
KOR,2019,566.028121485131,51225.321,0.011049772074344462,-4.505345477987267
MAS,2019,195.268732067962,31949.789,0.00611173776665511,-5.097544132708652
MEX,2019,436.57771520305914,127575.529,0.0034221117374560067,-5.677497451369592
NZ,2019,20.598051453736698,4783.062,0.004306457130126413,-5.44763972447485
PNG,2019,0.744153871332787,8776.119,8.479304705562754e-05,-9.37529701079651
PE,2019,54.0763324372092,32510.462000000003,0.0016633517062048886,-6.398920612133262
RP,2019,174.81541092274395,108116.622,0.0016169152133031306,-6.427235134330163
RUS,2019,488.17375707547995,145872.26,0.0033465839020762407,-5.699815184147773
SIN,2019,114.042222245509,5804.343000000002,0.019647740019070024,-3.9297929590333873
CT,2019,431.833339133033,23773.881,0.018164192002687023,-4.008303095295417
THA,2019,345.26651829440993,69625.5809999999,0.00495890322688166,-5.3065706863093
USA,2019,2288.38922314448,329064.917,0.006954218164631874,-4.968406873350198
VN,2019,124.05980038411,96462.108,0.001286098790046243,-6.656141836485582
AUS,2020,67.63035778509679,25499.881,0.0026521832703884692,-5.9323721025649405
BD,2020,3.80964604167724,437.483,0.008708100752891518,-4.743501565523863
CDA,2020,178.24849876853798,37742.157,0.004722795752466876,-5.355354334299286
CHL,2020,43.97343988218571,19116.209,0.0023003221968427795,-6.074706080274285
PRC,2020,6568.86578558584,1439323.774,0.00456385554400343,-5.389587498665638
HKC,2020,4.15279489536362,7496.988,0.0005539284437114771,-7.498475042534919
INA,2020,635.003791014514,273523.62100000004,0.002321568384817902,-6.065512293769122
JPN,2020,1030.70991949419,126476.458,0.00814942113175078,-4.8098083810309324
KOR,2020,560.477742077932,51269.183,0.010932059168524922,-4.5160555985155835
MAS,2020,190.63076257337798,32365.998,0.005889846578294233,-5.1345253294856965
MEX,2020,407.516568200483,128932.753,0.003160690815315818,-5.75696466283382
NZ,2020,19.196401858265,4822.233,0.003980811764646171,-5.526269519516626
PNG,2020,0.7491247578047271,8947.027,8.372890322167655e-05,-9.387926320822421
PE,2020,51.5452421391766,32971.846,0.0015633107754772543,-6.460949414628409
RP,2020,174.939347429863,109581.085,0.0015964374456582811,-6.43998072875166
RUS,2020,463.003108587427,145934.46,0.003172678396777752,-5.753179127717854
SIN,2020,108.89332870711004,5850.343000000002,0.01861315288814861,-3.983886803647744
CT,2020,415.439122544979,23816.775,0.01744313084139137,-4.048809355891238
THA,2020,320.01126875432595,69799.978,0.0045846901091333575,-5.385032763533156
USA,2020,2142.33985404314,331002.647,0.006472274084391657,-5.040227750865596
VN,2020,127.506900365958,97338.583,0.0013099317499409048,-6.637780242408044
AUS,2021,71.4226581972119,25788.217,0.002769584969647646,-5.889057800460707
BD,2021,3.91683363834269,441.532,0.008871007397748498,-4.724966915519055
CDA,2021,185.87711098267602,38067.913,0.004882776499533242,-5.3220412660881244
CHL,2021,46.064684267520704,19212.362,0.002397658563143912,-6.033262616524425
PRC,2021,7136.482270488829,1444216.102,0.004941422727946313,-5.310101987638243
HKC,2021,4.277600340113599,7552.8,0.0005663595408475796,-7.476281450255546
INA,2021,683.952439057474,276361.788,0.0024748444566347716,-6.001577730740497
JPN,2021,1060.67319639822,126050.796,0.008414648935641944,-4.777781171087587
KOR,2021,580.821021863358,51305.184,0.011320903202751559,-4.481104421161075
MAS,2021,206.36034452256297,32776.195,0.006296043348612094,-5.0678338827871645
MEX,2021,419.48779087487503,130262.22,0.0032203335001881207,-5.738270353301982
NZ,2021,20.4155700758925,4860.642,0.004200179744958074,-5.472627958189966
PNG,2021,0.78383695554724,9119.005,8.595641251948431e-05,-9.361670221361885
PE,2021,54.2259511602765,33359.416,0.0016255066083973565,-6.421935752773422
RP,2021,187.24471975219106,111046.91,0.001686176767567788,-6.385291580552002
RUS,2021,480.9522113936129,145912.022,0.0032961794703496943,-5.7149912174617
SIN,2021,110.980528207946,5896.684,0.01882083696666567,-3.972790673621112
CT,2021,430.89130749328797,23855.007999999903,0.01806292865184911,-4.013893581800814
THA,2021,337.294933869902,69950.844,0.0048218851207842755,-5.33459032348367
USA,2021,2232.01720925878,332915.074,0.006704464242008999,-5.004981669690227
VN,2021,136.536772593574,98168.829,0.0013908363172344044,-6.577850045693491
AUS,2022,72.98349460096259,26068.793,0.00279964993396367,-5.878260893201483
BD,2022,4.00149753954029,445.429,0.00898346883462974,-4.712369186776744
CDA,2022,188.88618760498198,38388.416,0.00492039545484195,-5.314366374707582
CHL,2022,46.985700837448704,19250.192,0.0024407912834037556,-6.015432995772814
PRC,2022,7429.726444650751,1448471.404,0.005129356661190082,-5.272775034839019
HKC,2022,4.345219093415712,7604.306,0.000571415602346317,-7.467393763069061
INA,2022,712.248866149888,279134.505,0.0025516331854060392,-5.971021659956781
JPN,2022,1066.08120923127,125584.839,0.008488932403944634,-4.768992034039888
KOR,2022,600.2560164869288,51329.905,0.011694080019959687,-4.448672546430137
MAS,2022,213.948029956732,33181.079,0.006447892485857136,-5.044001947946423
MEX,2022,430.20489669325804,131562.775,0.003269959125544882,-5.722977793984468
NZ,2022,21.09028457227781,4898.201,0.004305720523163057,-5.447810786195777
PNG,2022,0.842751934745232,9292.172,9.069482729605436e-05,-9.308010233384014
PE,2022,56.22238021894171,33684.218,0.0016691015424179273,-6.395469795878761
RP,2022,197.512494587392,112508.991,0.0017555263168913498,-6.3449865713594376
RUS,2022,491.51903733388,145805.94400000002,0.0033710493814564924,-5.692531193933179
SIN,2022,113.74526901318899,5943.55099999999,0.01913759451432135,-3.9561005793131376
CT,2022,442.136252146776,23888.6,0.0185082529803662,-3.989538539327201
THA,2022,347.562504890714,70078.198,0.004959638158656905,-5.306422492790108
USA,2022,2257.81750794202,334805.268,0.006743673782164085,-4.999150431017755
VN,2022,143.47330373259697,98953.535,0.0014499057939930794,-6.536256694320219
AUS,2023,74.53847893619451,26343.073,0.0028295286178721254,-5.867645147323592
BD,2023,4.06654838558503,449.169,0.009053492973880722,-4.704604631770513
CDA,2023,192.01186168007,38704.479,0.004960972648154495,-5.3061534590518376
CHL,2023,47.88061167150129,19249.347,0.002487388879815055,-5.996521761360458
PRC,2023,7715.718978838209,1452127.674,0.005313388841068399,-5.237525447466636
HKC,2023,4.411356168963801,7653.424,0.0005763898836604114,-7.458726244894364
INA,2023,740.9193772978059,281844.348,0.0026288246777182345,-5.94121842327926
JPN,2023,1072.6999718981401,125081.316,0.008576020833504342,-4.7587852453767505
KOR,2023,618.908907437461,51343.973,0.012054168605874365,-4.418344736473534
MAS,2023,222.038521903654,33579.264,0.0066123701193586005,-5.018813123675519
MEX,2023,441.61005593554495,132833.768,0.003324531574949714,-5.70642649451317
NZ,2023,21.7441383715842,4934.976,0.0044061284941576614,-5.42475886757792
PNG,2023,0.9092394907144132,9466.431,9.604881614986823e-05,-9.250653994178418
PE,2023,58.3607078026599,33966.046,0.0017182072886158105,-6.366473805762674
RP,2023,207.96164662507,113964.103,0.0018247995741700349,-6.306285120351184
RUS,2023,499.9442624553839,145628.574,0.0034330093931660964,-5.674318028371061
SIN,2023,116.161681403601,5990.29199999999,0.0193916559332335,-3.9429124119695564
CT,2023,452.8164184953,23917.88,0.018932130209504353,-3.966894789214885
THA,2023,358.10798469639104,70182.829,0.005102501420915806,-5.278024384805878
USA,2023,2286.02377440014,336679.231,0.006789916228601995,-4.992316674954209
VN,2023,150.420369710989,99698.631,0.0015087506037168054,-6.4964733854089145
AUS,2024,76.1190221729488,26612.912,0.0028602289810656122,-5.856853594045617
BD,2024,4.1123640912971,452.767,0.009082738122029874,-4.701379576537959
CDA,2024,195.26506962248,39017.093,0.005004603229217513,-5.297397144238989
CHL,2024,48.76305959431539,19238.997,0.0025345946877748044,-5.977721541201563
PRC,2024,7996.5693991404505,1455254.862,0.005494961472350299,-5.203923702552352
HKC,2024,4.4760320767732695,7703.193,0.0005810619150751214,-7.450653240395801
INA,2024,770.152585281436,284495.157,0.0027070850463772078,-5.911882851637274
JPN,2024,1080.8601649066302,124543.923,0.008678546001049206,-4.746901275741341
KOR,2024,637.091344770905,51347.169,0.012407526202095096,-4.389452038710018
MAS,2024,230.007781601091,33969.292,0.006771050206200677,-4.995099077619001
MEX,2024,453.449279216495,134074.37900000002,0.0033820725674701423,-5.689266571766655
NZ,2024,22.3931712162816,4971.047000000001,0.004504719270665032,-5.402629704921206
PNG,2024,0.983635957356635,9641.706,0.00010201887066009221,-9.190352755320097
PE,2024,60.49074735706301,34236.195,0.0017668653703211763,-6.338548279650166
RP,2024,218.881448589682,115406.85,0.00189660707825993,-6.2676887374431915
RUS,2024,510.64449555835296,145399.122,0.0035120191135566345,-5.651564160867403
SIN,2024,118.78966122112,6035.675,0.01968125540575329,-3.928088598449837
CT,2024,463.759873019282,23943.319,0.01936907214155573,-3.944077704540416
THA,2024,369.34947465619103,70266.064,0.005256441781856332,-5.248300948467473
USA,2024,2316.5114650872893,338542.56200000003,0.006842600385021275,-4.9845874463464925
VN,2024,158.000029979843,100414.087,0.0015734847041913849,-6.454462562389561
AUS,2025,77.7364664168888,26879.753,0.0028920082121620984,-5.8458041350762
BD,2025,4.1573932338507795,456.182,0.009113453038153148,-4.698003601310517
CDA,2025,198.64239295419398,39326.964,0.005051048256717553,-5.288159481648066
CHL,2025,49.6449574264444,19240.995,0.0025801658088079335,-5.959901615133826
PRC,2025,8273.159850303442,1457908.248,0.005674677992701392,-5.171741458598728
HKC,2025,4.54944480691668,7755.536,0.0005866061103857529,-7.441156984861209
INA,2025,800.0788219109378,287089.641,0.0027868606443760113,-5.8828395337504045
JPN,2025,1090.4460931415301,123975.981,0.008795623832502928,-4.733500972949564
KOR,2025,655.0876854198771,51339.378,0.01275994589221313,-4.3614442414966526
MAS,2025,238.46542305173003,34349.933,0.006942238375013134,-4.970131024043183
MEX,2025,465.68601511901306,135284.064,0.003442282862813857,-5.671620404786139
NZ,2025,23.0527234530438,5006.449000000001,0.004604605670215315,-5.380698243730683
PNG,2025,1.06028124234117,9817.917,0.00010799452086844593,-9.133430064826577
PE,2025,62.6125225230539,34517.501000000004,0.0018139355604872406,-6.312256451356085
RP,2025,229.97210568451092,116833.055,0.001968382198723734,-6.230543292539185
RUS,2025,519.1877167251952,145132.732,0.0035773302794658013,-5.633138488758739
SIN,2025,121.34951491194904,6078.76,0.019962873170177642,-3.913881072056423
CT,2025,474.991092018519,23965.154,0.019820072594506133,-3.9210600873974903
THA,2025,381.2717450694471,70328.932,0.0054212645383189826,-5.217426181090098
USA,2025,2348.7502565086497,340399.604,0.006899979403350451,-4.976236852405052
VN,2025,165.90246273736705,101106.833,0.0016408630140493773,-6.412532947476582
AUS,2026,79.39321138326069,27144.224,0.00292486576088013,-5.834506693067661
BD,2026,4.18368848214285,459.465,0.009105565129319645,-4.698869499708975
CDA,2026,202.13003886301502,39634.342,0.005099871189056577,-5.2785399966185516
CHL,2026,50.5244850562197,19260.477,0.0026232208608447083,-5.943352380023893
PRC,2026,8544.43606459255,1460092.251,0.005851983707701049,-5.140974579884689
HKC,2026,4.6111712726517196,7811.205,0.0005903277756315088,-7.434832623408533
INA,2026,830.713466887478,289628.16,0.002868206830742833,-5.854068242128579
JPN,2026,1101.2460214482398,123379.107,0.008925709127139653,-4.718819500451488
KOR,2026,672.9670614754899,51321.217,0.013112843007512661,-4.33416314678297
MAS,2026,247.09810703085603,34720.334,0.007116812500445878,-4.945295336319638
MEX,2026,478.289695018072,136462.077,0.0035049275632677936,-5.653585425394508
NZ,2026,23.725733537577,5041.237,0.004706331707391856,-5.358846505102374
PNG,2026,1.14533847716729,9994.969,0.00011459149869972485,-9.074136938811158
PE,2026,64.72605692230951,34814.66,0.0018591609661651012,-6.287629986489912
RP,2026,241.22998555509602,118241.483,0.002040146820173898,-6.194733503042297
RUS,2026,530.022740354661,144834.096,0.0036595163362269406,-5.610424288873128
SIN,2026,124.11160737662901,6119.58599999999,0.02028104636108214,-3.8980685058760582
CT,2026,485.7029630695071,23983.359,0.02025166545976763,-3.899518243884721
THA,2026,393.8597734734771,70371.63900000001,0.005596853776184992,-5.185550664805471
USA,2026,2382.35137755436,342251.975,0.0069608111905106185,-4.967459261066553
VN,2026,174.128395657767,101778.646,0.0017108539217329242,-6.370762663676532
AUS,2027,81.08320338556851,27406.327,0.0029585578317579187,-5.823053348376615
BD,2027,4.209452087454132,462.584,0.009099865294636501,-4.699495668356093
CDA,2027,205.746704756047,39939.039,0.005151518662130228,-5.268463721926249
CHL,2027,51.40448517470801,19292.754,0.002664445168103424,-5.927759435120576
PRC,2027,8809.823973623428,1461797.638,0.006026705574430151,-5.11155475677285
HKC,2027,4.68150059274954,7868.72,0.0005949507153322955,-7.427031987223645
INA,2027,862.036077232096,292109.442,0.00295107228075187,-5.825586689674444
JPN,2027,1112.95218547981,122754.999,0.00906645101662874,-4.703174379561815
KOR,2027,690.6850643071167,51293.519,0.013465347626219927,-4.307635736028439
MAS,2027,255.900955178126,35080.109,0.007294759408476354,-4.920599077883485
MEX,2027,491.26874379588713,137608.574,0.003570044580186458,-5.6351771958213694
NZ,2027,24.4141050584455,5075.413,0.004810269638834417,-5.337002138465923
PNG,2027,1.23606658318312,10172.751,0.00012150760233717702,-9.01553372646478
PE,2027,66.83137416601971,35119.951,0.0019029461107738935,-6.264352009106979
RP,2027,252.93991254475102,119632.644,0.002114305126824339,-6.159029065703425
RUS,2027,538.6852305247198,144502.582,0.0037278588594681296,-5.591921242460214
SIN,2027,126.535787895547,6158.533,0.020546417124913837,-3.885068702393085
CT,2027,496.597517760052,23997.588,0.020693642951118755,-3.8779287296875338
THA,2027,406.68206002731597,70394.102,0.005777217813323565,-5.153833059358445
USA,2027,2417.0387909915803,344100.699,0.007024219357925745,-4.9583911933639335
VN,2027,182.990295680197,102425.785,0.0017865647373871431,-6.32746064416483
AUS,2028,82.80942493377489,27666.064,0.0029931769453643603,-5.811419932124911
BD,2028,4.21697158404481,465.548,0.009058081194731392,-4.704097970018629
CDA,2028,209.49366365963002,40240.809,0.005206000298344648,-5.257943415101919
CHL,2028,52.28431563545361,19337.99,0.002703709932389747,-5.913130400080138
PRC,2028,9069.00957702565,1463052.846,0.006198688995971955,-5.083417461552861
HKC,2028,4.7502768273619305,7925.075,0.0005993983435313774,-7.419584166630112
INA,2028,894.0653333668979,294532.571,0.0030355397718199997,-5.797366021249344
JPN,2028,1125.3750140671102,122107.379,0.009216273605112024,-4.686784487414593
KOR,2028,708.2336308229062,51256.2709999999,0.013817502073510334,-4.281819224192794
MAS,2028,264.869162319237,35429.092000000004,0.007476035861128954,-4.896052592566597
MEX,2028,504.614970968114,138725.066,0.0036375183340558947,-5.616453606206948
NZ,2028,25.1190543775283,5108.863,0.004916760221898356,-5.315105456862735
PNG,2028,1.3326848314713702,10351.151,0.00012874750174848867,-8.957657422503921
PE,2028,69.07673108376851,35429.212,0.0019497111898443722,-6.240074025147638
RP,2028,265.093786288806,121006.009,0.002190748942796766,-6.123511810604367
RUS,2028,547.4037512998269,144142.094,0.003797667538393239,-5.573368206391618
SIN,2028,129.15883913051098,6195.443,0.020847393661843225,-3.870526342779149
CT,2028,506.881647626747,24007.365,0.021113589418361698,-3.8578383975466046
THA,2028,418.0764778381111,70396.854,0.005938851725364191,-5.126239476523051
USA,2028,2452.608098135601,345947.847,0.007089531325036981,-4.949136044284965
VN,2028,192.177631476828,103043.295,0.0018650183059152757,-6.284484410430361
AUS,2029,84.57614824237079,27923.172,0.0030288875577019255,-5.799559869546863
BD,2029,4.2418070496646605,468.352,0.00905687826605771,-4.704230780547745
CDA,2029,213.37437933926705,40539.186,0.005263410551441932,-5.246976068538712
CHL,2029,53.16367970843399,19393.834,0.0027412671320396985,-5.899335008533622
PRC,2029,9321.76208850986,1463891.336,0.00636779647455326,-5.0565017916051325
HKC,2029,4.81752150635242,7976.056,0.000603997954170886,-7.41193974716949
INA,2029,926.8075208195752,296896.014,0.003121657001496743,-5.769391327915931
JPN,2029,1138.34473017729,121440.546,0.009373679283171949,-4.669849593511342
KOR,2029,725.591985560594,51209.252,0.014169158056840861,-4.256687644346106
MAS,2029,273.997994956157,35767.395,0.007660552158080203,-4.871671214527225
MEX,2029,518.3230589860922,139813.7,0.0037072408425361187,-5.597467387262226
NZ,2029,25.8415804770596,5141.412,0.0050261641115435995,-5.29309818787818
PNG,2029,1.4354191534853,10530.056,0.00013631638364366722,-8.900532023670694
PE,2029,71.313357230725,35734.664,0.001995635308918114,-6.216792828749415
RP,2029,277.39820590544707,122361.316,0.0022670417005440434,-6.089279513032168
RUS,2029,558.4394852986429,143755.891,0.003884637223657449,-5.550725678246542
SIN,2029,131.71272044496808,6230.132,0.02114124073855387,-3.856529608750789
CT,2029,516.862868333734,24012.113999999903,0.021525088059041204,-3.8385361376643434
THA,2029,435.882454430521,70380.496,0.006193227942447593,-5.084298851236964
USA,2029,2488.9012317076504,347795.041,0.007156229785656001,-4.939772002943439
VN,2029,202.003350098647,103624.127,0.0019493853019253615,-6.240241185883699
AUS,2030,86.38823267089509,28177.48,0.0030658608459981198,-5.7874268857340185
BD,2030,4.24864348783988,470.987,0.00902072347610418,-4.708230740130283
CDA,2030,217.392982444059,40833.733,0.005323857665525192,-5.2355571133060455
CHL,2030,54.042456843382396,19458.098,0.0027773761260418356,-5.886248636529905
PRC,2030,9567.84062616385,1464340.15,0.006533892160345293,-5.030752470324934
HKC,2030,4.8930029267264095,8018.674,0.0006102010041468713,-7.401722140080189
INA,2030,960.2302142317293,299198.43,0.0032093424227918887,-5.741689215538202
JPN,2030,1151.71692431557,120758.056,0.009537392058676151,-4.6525352000056035
KOR,2030,742.741144708996,51152.05,0.014520261547855774,-4.232210256809992
MAS,2030,283.57665326215306,36095.052,0.007856385780027496,-4.846428602716674
MEX,2030,532.388949567546,140875.763,0.0037791380023797705,-5.578259337054576
NZ,2030,26.582629861915002,5172.960999999989,0.005138764792913586,-5.270942541057504
PNG,2030,1.54776765201811,10709.351,0.00014452487849339423,-8.842058895726797
PE,2030,73.6889508256751,36030.592,0.002045177354445775,-6.19227076735749
RP,2030,289.56586261112597,123697.926,0.0023409112179546645,-6.057215016030348
RUS,2030,567.27917789067,143347.514,0.003957370184254957,-5.532175569209543
SIN,2030,134.198596660469,6262.465,0.021429037393497448,-3.8430083891477334
CT,2030,526.250574068975,24011.257,0.02191682734764677,-3.820500565167684
THA,2030,449.35064581915793,70345.543,0.006387762844039144,-5.053371174547217
USA,2030,2525.8207377674303,349641.876,0.007224022381596621,-4.9303433646445916
VN,2030,212.156446360826,104163.523,0.002036763352952511,-6.196393322785434
AUS,2031,88.2500512601478,28429.245,0.003104199610652615,-5.774999371173196
BD,2031,4.23783450029231,473.462,0.008950738391449177,-4.716019248260566
CDA,2031,221.554053203324,41124.50700000001,0.005387397183954666,-5.223692907919125
CHL,2031,54.9208079629621,19532.745,0.002811730146631316,-5.873955274563499
PRC,2031,9806.947850313029,1464417.502,0.006696825076809979,-5.006121734029515
HKC,2031,4.95716414409794,8051.863,0.0006156543080896856,-7.392824940121865
INA,2031,994.31480677153,301439.289,0.003298557431150025,-5.714270048159904
JPN,2031,1165.36552586223,120062.518,0.00970632254990879,-4.634977796539251
KOR,2031,759.6757956750879,51084.91099999991,0.014870845046105478,-4.208352691200399
MAS,2031,294.761864102552,36411.999,0.008095184889534682,-4.816485852146142
MEX,2031,546.8105519476302,141911.813,0.0038531714900128166,-5.558858706149802
NZ,2031,27.343163399767896,5203.483,0.005254780961092387,-5.248616957521487
PNG,2031,1.6668148136113603,10888.951,0.00015307395667510677,-8.784589376399365
PE,2031,75.9079110296972,36316.896,0.0020901541538598783,-6.1705174578977
RP,2031,302.16264453013895,125015.254,0.002417006204140008,-6.025225610387789
RUS,2031,576.175814838421,142920.74300000002,0.004031435904572795,-5.513632662620476
SIN,2031,136.61761579573098,6292.363,0.02171165519149658,-3.829906057026387
CT,2031,535.410150863122,24004.597999999904,0.02230448311873934,-3.802967584006468
THA,2031,462.622444402512,70292.293,0.006581410630643561,-5.023506175064581
USA,2031,2563.3426873543394,351490.178,0.007292786108391169,-4.920869623753582
VN,2031,222.95034818874092,104660.42,0.002130226003189562,-6.1515272001056855
AUS,2032,90.1748759600687,28678.759,0.0031443088579972624,-5.762161171963659
BD,2032,4.24423500146664,475.784,0.008920508048750357,-4.719402377874226
CDA,2032,225.83698088145005,41411.4,0.005453497850385402,-5.2114980687671135
CHL,2032,55.794938898439405,19618.42,0.002844007769149575,-5.862541035276387
PRC,2032,10038.127538679499,1464130.42199999,0.006856033716564334,-4.982626179880149
HKC,2032,5.0294374862681686,8076.552,0.0006227208697805907,-7.3814121816633955
INA,2032,1029.13415769802,303618.026,0.003389568700041611,-5.687052592810204
JPN,2032,1179.2748825306699,119355.235,0.009880378372433097,-4.617204471150695
KOR,2032,776.407844174606,51007.254,0.015221518181994388,-4.185045182377721
MAS,2032,304.33085117521506,36717.906,0.008288349863285097,-4.792904381121757
MEX,2032,561.5574795976629,142920.645,0.003929155788498316,-5.53933068826333
NZ,2032,28.123894008117706,5232.992,0.005374343016025575,-5.226118942015691
PNG,2032,1.79281041144048,11068.738,0.0001619706249655995,-8.728095566546529
PE,2032,78.2653310472449,36596.066,0.002138626896323908,-6.14759129311746
RP,2032,317.42800871393,126311.55,0.0025130560800966342,-5.986255704674202
RUS,2032,587.4153570739691,142480.339,0.004122781860267535,-5.491227134668807
SIN,2032,138.97090901093702,6319.769,0.02198987162520292,-3.817173312304135
CT,2032,545.103603588211,23991.857000000004,0.022720358977973688,-3.7844938851671364
THA,2032,479.731208038666,70220.9,0.00683174394003304,-4.986175302701604
USA,2032,2601.5167122399803,353335.4520000001,0.007362738999198924,-4.911323268840445
VN,2032,234.07357579311198,105117.644,0.0022267772267908896,-6.10719992858395
AUS,2033,92.1660070224283,28925.692000000006,0.0031863025791199146,-5.7488941005286085
BD,2033,4.23322564359679,477.936,0.008857306508814548,-4.72651256636141
CDA,2033,230.24236700663502,41693.455,0.005522266432624378,-5.198966917339986
CHL,2033,56.665676746572,19709.544,0.0028750374309305174,-5.8516895853634825
PRC,2033,10260.7495732097,1463480.846,0.007011194988478653,-4.960247123351342
HKC,2033,5.10009860903698,8094.3780000000015,0.0006300791251702082,-7.369665150956885
INA,2033,1064.6901769646702,305733.068,0.003482417469361443,-5.660028551266955
JPN,2033,1193.3415035160099,118636.758,0.010058783834231292,-4.5993090128479714
KOR,2033,792.9572480365359,50916.671,0.015573627113927693,-4.162176364972094
MAS,2033,313.754483785504,37012.453,0.008476997830581616,-4.770398921274078
MEX,2033,576.626100705083,143899.675,0.004007139701358485,-5.519677583608827
NZ,2033,28.925579233940702,5261.491,0.005497601199724698,-5.203443427387427
PNG,2033,1.92601167824842,11248.502,0.00017122383747172911,-8.672538866380771
PE,2033,80.61356405009418,36867.743,0.002186560865689396,-6.125425350458086
RP,2033,329.73011546531103,127583.581,0.002584424366214576,-5.958252478134577
RUS,2033,596.43509515543,142031.804,0.004199306622588769,-5.472835857181463
SIN,2033,141.00957439151503,6344.626,0.022225041222526755,-3.8065356428020327
CT,2033,553.8501028661769,23972.199,0.02310385054229597,-3.7677559852029647
THA,2033,492.5896521144229,70131.526,0.007023797715658189,-4.958451222087628
USA,2033,2640.4352133687603,355162.92,0.007434433789903406,-4.901632856656765
VN,2033,245.526866565187,105539.068,0.0023264073789735096,-6.0634300987879834
AUS,2034,94.22563019580929,29169.6,0.0032302681626011085,-5.735190122716624
BD,2034,4.222175635578028,479.927,0.008797537199569994,-4.733283460352354
CDA,2034,234.76850990138698,41969.503,0.005593788182371066,-5.186098550065667
CHL,2034,57.53370390634071,19798.464,0.0029059680542056552,-5.840988706941388
PRC,2034,10474.029240330501,1462465.124,0.007161900183768417,-4.938979944424488
HKC,2034,5.1691699172361405,8107.887,0.0006375483424024213,-7.35788045258725
INA,2034,1100.98865515117,307782.577,0.003577163677952992,-5.633185061308477
JPN,2034,1207.4996962916002,117906.953,0.010241123746888788,-4.58134392448476
KOR,2034,809.343297088142,50810.026,0.015928810921847236,-4.139625801798015
MAS,2034,323.0343068172009,37295.26,0.008661537868812307,-4.748862989170058
MEX,2034,592.0115484032141,144845.374,0.0040871967951369576,-5.499895924069897
NZ,2034,29.749229351417902,5288.96,0.005624778661857511,-5.180573680668955
PNG,2034,2.07017451755959,11427.99,0.00018114948626657794,-8.616187976583168
PE,2034,83.0991956909062,37131.741,0.0022379558149698987,-6.102192412374924
RP,2034,344.673662104608,128827.331,0.0026754700219987324,-5.9236302049108085
RUS,2034,605.5127046515261,141581.092,0.004276790750077885,-5.454552375395771
SIN,2034,143.23737402420102,6366.868,0.022497305429325848,-3.794359735640037
CT,2034,562.073306145,23944.616,0.023473891005184627,-3.751866496529408
THA,2034,509.23624292138084,70024.233,0.007272285908813608,-4.923684606486318
USA,2034,2680.196270770029,356952.972,0.007508541687586871,-4.8917140148067615
VN,2034,257.937781886315,105930.352,0.0024349752173608847,-6.017818700174578
AUS,2035,96.35538894859779,29410.247000000007,0.0032762522854227565,-5.721055105754141
BD,2035,4.22799799715831,481.782,0.008775749191871655,-4.735763135283629
CDA,2035,239.41359219613102,42238.708,0.005668108792440598,-5.172899763188191
CHL,2035,58.39955184871421,19879.426,0.0029376880322758924,-5.830132390572937
PRC,2035,10677.2753601094,1461083.03,0.007307781379207038,-4.91881555618382
HKC,2035,5.24600808419934,8118.968000000002,0.0006461422294310482,-7.34449090901749
INA,2035,1138.03680630033,309764.945,0.003673872155870736,-5.606509089781367
JPN,2035,1221.72745416452,117166.138,0.01042730839318541,-4.5633271072060495
KOR,2035,825.5797614266879,50685.005,0.016288441945042482,-4.117299505813993
MAS,2035,335.01092698779996,37566.151,0.008917893318051135,-4.7196955353903265
MEX,2035,607.7078995489981,145755.08800000002,0.004169376917730639,-5.479988674544218
NZ,2035,30.596285968705892,5315.419,0.005756138127343468,-5.15748849313871
PNG,2035,2.22219828699004,11606.998,0.00019145331867809746,-8.56086654575351
PE,2035,85.57513854308161,37387.959,0.0022888422056705905,-6.079709176311623
RP,2035,356.685890037976,130039.796,0.0027428979513161953,-5.898740271030363
RUS,2035,616.959195835486,141133.253,0.004371465850330014,-5.432656891262206
SIN,2035,145.64750237816298,6386.4540000000015,0.022805691918890036,-3.7807451286126583
CT,2035,569.529559428408,23908.35,0.023821366151508074,-3.737172363571648
THA,2035,525.642097053723,69899.11200000001,0.007520011084743436,-4.890187666986444
USA,2035,2720.8922069921105,358690.9970000001,0.007585616114563672,-4.881501441456244
VN,2035,270.36754543061903,106296.112,0.0025435318408505766,-5.974201675261793
AUS,2036,98.55655978211959,29647.564,0.0033242717608137923,-5.706504648166673
BD,2036,4.199957756726669,483.482,0.008686895803208122,-4.745939618341948
CDA,2036,244.176780068233,42500.81400000001,0.0057452259636305535,-5.15938603623027
CHL,2036,59.2636923627318,19950.364,0.002970556946366081,-5.819005819718978
PRC,2036,10870.090369067697,1459341.17199999,0.007448628585028211,-4.899725346082489
HKC,2036,5.3118855412639014,8128.106,0.0006535207022723254,-7.333136346331646
INA,2036,1175.8150077596201,311679.189,0.003772516899611222,-5.58001288764742
JPN,2036,1236.0364477888002,116415.51,0.010617455077839715,-4.545255926740381
KOR,2036,841.6819668033078,50540.727,0.016653538972704288,-4.0951325342282585
MAS,2036,346.807785087032,37825.115,0.009168717268593422,-4.691957885966915
MEX,2036,623.70675906799,146627.857,0.004253671654411413,-5.45997275032373
NZ,2036,31.4686079618617,5340.85,0.005892059870968422,-5.134149619033444
PNG,2036,2.3859764071994,11785.3939999999,0.00020245198482116253,-8.505007811527433
PE,2036,88.04142032656641,37636.011,0.002339286709384967,-6.057909221130285
RP,2036,371.312691746678,131219.343,0.00282971003555991,-5.8675810335093646
RUS,2036,626.161864396915,140691.316,0.004450607771675936,-5.414714614225196
SIN,2036,147.991092055518,6403.394,0.02311135189487294,-3.767431358143155
CT,2036,576.9734611549933,23863.196,0.024178381686803113,-3.722296363793602
THA,2036,541.809664260991,69756.445,0.0077671627942190995,-4.857850330034769
USA,2036,2762.61077892943,360371.86,0.007666000277961299,-4.8709602757648
VN,2036,283.44396167145595,106637.622,0.0026580109004255173,-5.930177217711713
AUS,2037,100.81905824603201,29881.87,0.003373920649746218,-5.691679813289564
BD,2037,4.1887918946307,485.029,0.008636167929403603,-4.751796321242625
CDA,2037,249.058446576732,42756.083,0.0058250997074903235,-5.145579162511149
CHL,2037,60.126790437210296,20012.198,0.003004507072996694,-5.807641760058699
PRC,2037,11053.1101127241,1457252.1730000004,0.007584898700112692,-4.881596021562493
HKC,2037,5.385413980975809,8134.87699999999,0.0006620154159645949,-7.3202217153428215
INA,2037,1214.28550936888,313524.572,0.003873015443806682,-5.55372189090088
JPN,2037,1250.31591105732,115657.089,0.01081054280258878,-4.527233435586213
KOR,2037,857.5683980523559,50377.613,0.01702280729442969,-4.073201228519854
MAS,2037,355.626576070774,38072.539,0.00934076332736238,-4.673367303382503
MEX,2037,639.99780062108,147464.087,0.0043400248402248615,-5.439875207332087
NZ,2037,32.3643753902733,5365.265,0.00603220444661602,-5.110642755181095
PNG,2037,2.55831297664679,11963.133,0.00021384974794201402,-8.450236901959276
PE,2037,90.4980688305201,37875.782,0.002389338623570072,-6.036738677874291
RP,2037,385.7757677564669,132365.99300000002,0.0029144628390803283,-5.838069750918396
RUS,2037,635.4233444478111,140257.453,0.0045304069827063745,-5.396943501865678
SIN,2037,150.269276190006,6417.695,0.02341483604160154,-3.7543854386516715
CT,2037,584.884854138666,23809.182,0.024565516536379367,-3.706411586251867
THA,2037,557.7413723441299,69596.352,0.008013945505996203,-4.826572066642039
USA,2037,2805.4442802719,361997.62,0.007749897030460863,-4.860075722097293
VN,2037,296.85436185029704,106955.382,0.0027754971867642625,-5.886925381430586
AUS,2038,103.141824192801,30113.684,0.0034250815739715204,-5.676629990333612
BD,2038,4.17758941021051,486.435,0.008588176036285445,-4.757368901238393
CDA,2038,254.0589657500029,43004.972,0.005907664949764481,-5.1315046272000115
CHL,2038,60.98930461297471,20065.862,0.003039455998101388,-5.796076727570074
PRC,2038,11226.5535167121,1454828.444,0.0077167542076955024,-4.864361442772567
HKC,2038,5.457282290663749,8139.274,0.0006704876000812541,-7.307505348953811
INA,2038,1253.4737301508205,315300.098,0.003975494261187386,-5.527606196168644
JPN,2038,1264.5725541257898,114892.928,0.011006530829519722,-4.509266470586353
KOR,2038,873.2339481000403,50196.3,0.01739638077109349,-4.051493096058293
MAS,2038,367.0888387019951,38309.224,0.00958225723136535,-4.647842095612765
MEX,2038,656.564690576637,148264.124,0.004428344989086078,-5.419729356356256
NZ,2038,33.285306530749104,5388.73,0.006176836941310681,-5.0869489603324105
PNG,2038,2.7432440440118,12140.216,0.00022596336375001896,-8.395137679133597
PE,2038,93.0905655707093,38107.859,0.0024428180436667753,-6.014602970173451
RP,2038,400.07643585795,133480.50400000002,0.0029972649478305084,-5.810055090207194
RUS,2038,644.7439422317168,139834.566,0.004610762279132878,-5.379362082251865
SIN,2038,152.48317130193095,6429.411,0.023716507048924224,-3.741583973329968
CT,2038,591.8808382340069,23746.175,0.024925312739167756,-3.6918714160046155
THA,2038,573.439627560247,69418.5279999999,0.008260613471381125,-4.796256424064148
USA,2038,2849.46021138865,363569.997,0.007837445979869044,-4.848842265567548
VN,2038,310.913861397201,107252.235,0.0028989033319184536,-5.843422774918195
AUS,2039,105.523647207346,30343.71,0.0034776119072897154,-5.661409454299201
BD,2039,4.166351275108419,487.69,0.00854303199800779,-4.762639299296108
CDA,2039,259.17882204429696,43248.162,0.005992828597994453,-5.1171917582831075
CHL,2039,61.8513101846553,20113.506,0.0030751133186156256,-5.784413526820342
PRC,2039,11390.8107322881,1452084.26599999,0.007844455724092378,-4.847948273904735
HKC,2039,5.52751359555037,8141.104,0.0006789636387829426,-7.294942982969178
INA,2039,1293.34543736805,317004.821,0.004079892013276511,-5.501684758250521
JPN,2039,1278.81868331293,114125.389,0.011205382908380974,-4.491360999320629
KOR,2039,888.660827320112,49998.017,0.01777392146012735,-4.03002298248245
MAS,2039,378.37686709548797,38536.268,0.009818721083616297,-4.623464400981479
MEX,2039,673.387768131634,149028.87900000002,0.004518505222948325,-5.399574042719794
NZ,2039,34.2334053581143,5411.29,0.006326292872515481,-5.063040858534945
PNG,2039,2.93747566105932,12316.705,0.0002384952518599187,-8.341161156178208
PE,2039,95.52775513302029,38333.101,0.002492043498725039,-5.994652222862147
RP,2039,416.92329811872,134564.430999999,0.0030983172523408,-5.7768961366976885
RUS,2039,654.1239653315059,139425.187,0.004691576747402934,-5.361986559548208
SIN,2039,154.868526804001,6438.647,0.024052961251641997,-3.7274971610437126
CT,2039,598.4737016594688,23674.177000000003,0.02527959901877344,-3.6777575714284287
THA,2039,592.7558784731331,69222.586,0.00856304152626042,-4.760299833450785
USA,2039,2894.6949106846996,365093.536,0.007928639171208715,-4.837273863205148
VN,2039,324.05086461931705,107531.321,0.003013548625700572,-5.804636949216299
AUS,2040,107.963651356284,30572.49,0.003531398697204055,-5.646061255013338
BD,2040,4.1550784548682405,488.817,0.008500274038890301,-4.767656876136113
CDA,2040,264.41894300791097,43486.273,0.006080515177925479,-5.10266585338229
CHL,2040,62.7123947099537,20156.641,0.0031112522522950973,-5.7727299803630565
PRC,2040,11546.4114821395,1449031.42,0.007968365159493574,-4.832275931500226
HKC,2040,5.596130767472229,8140.298000000002,0.0006874601848080044,-7.2825066431071095
INA,2040,1333.86087409851,318637.86,0.004186134297093603,-5.475977573033016
JPN,2040,1293.07612557989,113356.481,0.011407165379277167,-4.473513578989647
KOR,2040,903.8385833743993,49783.741,0.018155296593206992,-4.00879293752623
MAS,2040,389.49251438675003,38754.576,0.010050232890865585,-4.600159471525091
MEX,2040,690.4435222369573,149759.03,0.004610363209730707,-5.379448637716901
NZ,2040,35.210719313507305,5433.0,0.006480898088258293,-5.038896184354176
PNG,2040,3.14519180273878,12492.601,0.0002517643685841547,-8.287016953181379
PE,2040,98.1002988835396,38552.118,0.002544615029543632,-5.973775905826669
RP,2040,430.888826538962,135618.864,0.0031772042165090103,-5.751753646091419
RUS,2040,663.5637231689659,139031.166,0.004772769604542955,-5.344828512698978
SIN,2040,156.95466072974205,6445.489000000001,0.024351086586253116,-3.715178806783719
CT,2040,604.633642867369,23593.256,0.025627392966336184,-3.66409346183144
THA,2040,607.9690005254611,69008.295,0.008810085809618411,-4.731858099056692
USA,2040,2941.1663093812404,366572.15,0.00802343088360979,-4.825389157606396
VN,2040,340.041467847577,107795.035,0.0031545188314802903,-5.758919304451688
AUS,2041,110.46187262089501,30800.208,0.0035864002158977307,-5.630606304924036
BD,2041,4.14377190579242,489.799,0.008460147745896623,-4.772388641462525
CDA,2041,269.780367726295,43719.526,0.0061707066020408145,-5.0879419254111795
CHL,2041,63.5720969726546,20195.132,0.0031478921243324677,-5.761022217015264
PRC,2041,11694.011515445,1445680.248,0.008088933587923655,-4.817258375151411
HKC,2041,5.67201892507238,8137.076,0.0006970586147987778,-7.268641054902049
INA,2041,1374.9968280873798,320198.985,0.004294194836649404,-5.450491206393442
JPN,2041,1307.36725301719,112587.239,0.01161203760416569,-4.455712994436633
KOR,2041,918.773708121743,49553.53599999991,0.018541032230711945,-3.9877690445198413
MAS,2041,403.16168125934195,38964.533,0.010346888573240232,-4.571069425409266
MEX,2041,707.7074356855603,150454.446,0.004703798754378852,-5.359384851108196
NZ,2041,36.2189840936782,5453.896,0.006640937798168173,-5.01450209080259
PNG,2041,3.36299760927842,12667.861,0.0002654747797815606,-8.233990713200802
PE,2041,100.807402307092,38765.025,0.002600473037411739,-5.9520619130372605
RP,2041,447.374810224671,136643.591,0.0032740270286417683,-5.721734544526107
RUS,2041,673.0635255166629,138653.905,0.004854270245880654,-5.327896498344811
SIN,2041,159.20952415729195,6450.0030000000015,0.02468363567540851,-3.7016147781765394
CT,2041,610.2761595339648,23503.482999999902,0.025965349881716143,-3.6509923266479647
THA,2041,626.754438680891,68775.781,0.0091130108530631,-4.698052122525906
USA,2041,2988.8864908596893,368006.425,0.008121832358931476,-4.8131994902990005
VN,2041,356.056351325768,108044.733,0.003295453109461319,-5.7152116062295875
AUS,2042,113.030781438656,31026.902,0.0036429928272779543,-5.614949729862959
BD,2042,4.116290256985598,490.658,0.008389326693920405,-4.780795012745906
CDA,2042,275.263697338926,43948.081,0.0062633837718403685,-5.073034701275866
CHL,2042,64.4355360417842,20228.161,0.0031854371755190305,-5.749165738617899
PRC,2042,11833.722389901,1442035.132,0.008206264970457738,-4.802857395639707
HKC,2042,5.7373990183653705,8131.813,0.0007055497978575467,-7.256533203963916
INA,2042,1416.725659545,321687.66,0.004404041048839113,-5.4252327393569875
JPN,2042,1321.6861262963198,111818.498,0.011819923804524004,-4.437968713342729
KOR,2042,933.478544570876,49307.319,0.018931845484660724,-3.9669098285676423
MAS,2042,413.91934500196487,39166.389,0.010568228411405627,-4.549903098501583
MEX,2042,725.150273337263,151114.75400000002,0.004798672890254402,-5.339415880493264
NZ,2042,37.26298751792769,5473.98699999999,0.006807284620501977,-4.98976197247699
PNG,2042,3.5952304867637004,12842.389,0.00027995028703488897,-8.180898516862204
PE,2042,103.503916762054,38971.595,0.0026558809502678555,-5.930978871313847
RP,2042,463.675458787394,137637.9,0.0033688065481048027,-5.6931967373685035
RUS,2042,680.253463867433,138293.612,0.004918907345246236,-5.314668857441836
SIN,2042,161.17227412107505,6452.27,0.024979158361487515,-3.6897134673468055
CT,2042,615.881638353741,23405.196,0.026313885102852416,-3.6376585284365457
THA,2042,645.265947916992,68525.507,0.009416434495216387,-4.665298765736996
USA,2042,3037.87620258906,369396.555,0.008223888830227613,-4.800712088085935
VN,2042,372.095542683769,108280.678,0.0034363983450839586,-5.673331348784717
AUS,2043,115.671961542718,31252.712000000003,0.0037011815660259496,-5.5991031681416406
BD,2043,4.10502612927443,491.3730000000001,0.008354195548543426,-4.78499140540718
CDA,2043,280.86621851757,44172.49400000001,0.00635839621185007,-5.057979101377891
CHL,2043,65.3027545702825,20255.949,0.003223880281801781,-5.737169588463391
PRC,2043,11966.410705046,1438094.71199999,0.008321017110482278,-4.78897078276476
HKC,2043,5.80994315985458,8124.69199999999,0.0007150970350450931,-7.243092311128709
INA,2043,1459.0225903198202,323102.54600000003,0.004515664170346154,-5.4002029998650825
JPN,2043,1335.99634226268,111051.701,0.012030399626770957,-4.420318530364339
KOR,2043,947.9852678159821,49045.767,0.019328584826005107,-3.946170199719516
MAS,2043,424.510211572682,39360.772,0.010785108878776109,-4.529588903802443
MEX,2043,742.7395118551311,151740.131999999,0.004894812611966991,-5.319579285250909
NZ,2043,38.3428709250485,5493.2930000000015,0.006979942800256329,-4.964714557047117
PNG,2043,3.84244921288876,13016.12,0.00029520695974597346,-8.127833889140627
PE,2043,106.333956596531,39171.666,0.002714563036367435,-5.909124282796876
RP,2043,479.79226602882704,138601.775999999,0.003461660303897048,-5.66600694838923
RUS,2043,689.8656684771071,137949.04,0.005000873282460734,-5.298142725306559
SIN,2043,163.301061704267,6452.433000000001,0.025308447480859853,-3.6766170464542616
CT,2043,620.9124767776091,23299.259,0.02664945167473391,-3.6249867036388417
THA,2043,663.506322650401,68257.808,0.009720592296934014,-4.633508726467745
USA,2043,3088.12816561943,370746.305,0.008329491417640509,-4.787952878972137
VN,2043,388.1590700279409,108502.624,0.003577416432140304,-5.633114406096422
AUS,2044,118.387219399112,31477.766,0.003760979079618039,-5.583075961961406
BD,2044,4.09373035397765,491.954,0.008321368164457754,-4.788928594824782
CDA,2044,286.58321871476096,44393.406,0.0064555357323734285,-5.042817263181886
CHL,2044,66.17388650027371,20278.708,0.0032632200483518827,-5.725040826209303
PRC,2044,12092.9871340378,1433854.12,0.008433903397395684,-4.775495577672182
HKC,2044,5.88081257484648,8115.96099999999,0.000724598427080476,-7.229892950247475
INA,2044,1501.8326692238202,324442.07,0.004628970186338104,-5.3754208575806395
JPN,2044,1350.25147493798,110288.3,0.012242925812964565,-4.402806993455841
KOR,2044,962.349009565958,48769.677,0.01973252784852272,-3.925486845080408
MAS,2044,437.6043835816069,39548.357,0.011065045852135068,-4.503964161598414
MEX,2044,760.4441186547307,152330.831,0.0049920565237035345,-5.299907325121835
NZ,2044,39.4584380275193,5511.82,0.007158876383394106,-4.9394022400178965
PNG,2044,4.10110370613584,13188.99,0.0003109490344701027,-8.07588153551615
PE,2044,109.009111857368,39364.97,0.0027691907769107405,-5.889200139762967
RP,2044,495.7267145340592,139535.238,0.003552699100524408,-5.640047654377169
RUS,2044,699.5388266529611,137618.025999999,0.005083191838930797,-5.2818158999486595
SIN,2044,165.367244658932,6450.679,0.02563563380830638,-3.663771949717947
CT,2044,625.7328489868789,23186.81,0.026986586295694788,-3.612415340288891
THA,2044,681.4783319886461,67973.162,0.010025697083043543,-4.602603773738729
USA,2044,3139.60086724163,372060.394,0.008438417305018578,-4.774960511060991
VN,2044,404.246961046268,108709.692,0.0037185917245195397,-5.594410251049837
AUS,2045,121.178160815371,31702.144,0.0038223963910885964,-5.566877725541198
BD,2045,4.082403853374442,492.384,0.008291097707022245,-4.7925729052085035
CDA,2045,292.410744775606,44611.362,0.006554624913169116,-5.027584384888184
CHL,2045,67.04920111994541,20296.684,0.0033034559300398727,-5.712786106967797
PRC,2045,12214.414749700902,1429312.245,0.00854565878969357,-4.762331868874538
HKC,2045,5.94146951446736,8105.7930000000015,0.00073299053090393,-7.21837777443674
INA,2045,1545.0042339774698,325705.345,0.004743564260443653,-5.350966472170578
JPN,2045,1364.4319730627801,109529.352,0.012457226744688311,-4.385454363053238
KOR,2045,976.642287990822,48479.728,0.020145374742837292,-3.9047805582364785
MAS,2045,447.848662570366,39729.694,0.011272391440275528,-4.48539877820771
MEX,2045,778.2400245822072,152887.033,0.005090294509032739,-5.280419589772776
NZ,2045,40.60973907310421,5529.569,0.007344105674981939,-4.913857236472547
PNG,2045,4.3631879065405785,13360.906,0.00032656377543114056,-8.026885297752212
PE,2045,111.817309092936,39551.25700000001,0.002827149313938011,-5.868486384566762
RP,2045,511.48027715574494,140438.21300000002,0.0036420306569675937,-5.6152138800933695
RUS,2045,706.8770620924089,137298.524,0.005148468035187391,-5.269056077454793
SIN,2045,167.151678267063,6447.175,0.025926344215421948,-3.6524956760497953
CT,2045,630.2450392191281,23068.795,0.027320241010383425,-3.600127422562111
THA,2045,699.1847201854988,67672.072,0.010331953781251131,-4.572513877117904
USA,2045,3192.23669273082,373343.357,0.00855040442766153,-4.7617766956712675
VN,2045,420.359243684348,108901.041,0.0038600112526412673,-5.557085180317609
AUS,2046,124.045987250942,31925.961,0.0038854268866312905,-5.550522420470196
BD,2046,4.055329200784881,492.676,0.008231229450561588,-4.799819888990717
CDA,2046,298.348265639495,44826.84400000001,0.006655571506204964,-5.012300954608094
CHL,2046,67.9290625374824,20309.993,0.0033446127991025106,-5.700404347228392
PRC,2046,12331.733847330901,1424476.521,0.008657028505232135,-4.749383744016006
HKC,2046,6.026108234082432,8094.354,0.0007444829116792312,-7.202820658851471
INA,2046,1588.3884749886802,326892.322,0.0048590571515126635,-5.326910861636873
JPN,2046,1378.5746098698605,108775.261,0.012673604247843272,-4.36823385408173
KOR,2046,990.9411881225647,48176.623,0.020568921738714743,-3.8839739958105626
MAS,2046,460.563362023973,39905.065,0.011541476301917387,-4.461808096975455
MEX,2046,796.1139840069179,153408.99800000002,0.005189486890507673,-5.261120451719232
NZ,2046,41.79719710091381,5546.57199999999,0.007535680975729493,-4.888106075973386
PNG,2046,4.650003562566781,13531.839,0.0003436342660126817,-7.975932646363542
PE,2046,114.614496152409,39730.464,0.0028848013492218214,-5.8482992378150325
RP,2046,527.054415321516,141310.851,0.0037297519022195685,-5.591413561688827
RUS,2046,716.6643586047929,136989.919,0.005231511660393003,-5.253055006264264
SIN,2046,169.31610654545904,6442.025,0.026283056421770958,-3.6388307899300174
CT,2046,634.888464126083,22945.726,0.027669138214501603,-3.5874376307893336
THA,2046,716.62820747336,67355.05,0.010639561658307135,-4.543175993444805
USA,2046,3245.9929194131605,374598.068,0.008665268715195724,-4.748432344732147
VN,2046,436.49594565922007,109076.751,0.004001732190017468,-5.521027964095889
AUS,2047,126.97691604193402,32149.253,0.003949607041940726,-5.534139188070855
BD,2047,4.04404819301507,492.827,0.008205817037246477,-4.80291198142732
CDA,2047,304.39735387837396,45040.171,0.006758352535525985,-4.996976126391255
CHL,2047,68.80800257463079,20318.734,0.0033864315844988565,-5.687978541935104
PRC,2047,12446.9391553174,1419358.625,0.008769411011482316,-4.7364856343194415
HKC,2047,6.10043440177271,8081.851,0.0007548313377433846,-7.189016227388714
INA,2047,1631.92167276873,328003.99600000004,0.004975310339721379,-5.303267530473629
JPN,2047,1392.6182869774098,108025.99,0.012891511449952087,-4.351186211344885
KOR,2047,1005.41080966426,47860.608,0.02100706304575696,-3.862896562294587
MAS,2047,473.08227244132485,40074.627,0.011805032457103714,-4.439229359011446
MEX,2047,814.0608953722559,153896.747,0.0052896562873564566,-5.242002009257529
NZ,2047,43.016128607892114,5562.882,0.007732705566627535,-4.86229646900219
PNG,2047,4.98862476497334,13701.743,0.00036408687310609606,-7.918118056423483
PE,2047,117.543701685483,39902.535,0.002945770279644714,-5.82738494102052
RP,2047,545.046038228307,142152.969,0.003834221979762568,-5.563788738339707
RUS,2047,726.513530914664,136691.346999999,0.005314992842338947,-5.237223613879829
SIN,2047,171.20090100032004,6435.31699999999,0.02660333609056404,-3.6267186541200327
CT,2047,639.2436464232221,22817.979,0.02801491080446792,-3.5750183818190413
THA,2047,737.4622928025819,67022.652,0.0110031798324331,-4.5095709722823525
USA,2047,3300.84480129578,375827.634,0.008782868801222265,-4.7349521819678735
VN,2047,452.65709524188,109236.674,0.004143819824117677,-5.486137253706264
AUS,2048,129.96796535989702,32371.843,0.004014846030233651,-5.517756280952948
BD,2048,4.0172279185446005,492.83,0.00815134614074752,-4.809572194724667
CDA,2048,310.559475556385,45251.593,0.006862951223758796,-4.981617722212063
CHL,2048,69.68569072522541,20323.082,0.0034288938422442727,-5.67551756478949
PRC,2048,12561.2148269345,1413967.251,0.008883667438585182,-4.7235408073983445
HKC,2048,6.181375684059409,8068.58699999999,0.0007661038647856702,-7.174192803700706
INA,2048,1675.57977348458,329041.879,0.0050922994318439935,-5.280025795647466
JPN,2048,1406.68112165602,107281.347,0.013112075500469061,-4.334221679437215
KOR,2048,1020.10280355053,47531.236,0.021461735258694516,-3.8414836849043907
MAS,2048,485.40748278333,40238.61,0.01206322690528649,-4.417593552554534
MEX,2048,832.083604532698,154349.943,0.005390890261182008,-5.223044738649672
NZ,2048,44.2663122447478,5578.512,0.007935146907409683,-4.836453411323892
PNG,2048,5.2932262099715714,13870.481000000002,0.00038161807149813843,-7.871090262336043
PE,2048,120.461419322609,40067.277,0.003006478811190713,-5.806985715175971
RP,2048,562.833828521488,142963.816999999,0.003936897043826775,-5.537362418282779
RUS,2048,736.4249001948169,136399.881999999,0.005399014202921542,-5.221538897091633
SIN,2048,173.24067280599303,6427.251,0.02695408547231048,-3.6136203985965496
CT,2048,643.5640245782989,22686.171,0.02836812014589412,-3.5624892943978987
THA,2048,757.9907373948579,66675.564,0.011368343841753748,-4.476922642185063
USA,2048,3356.75143481491,377037.244,0.008902970431257741,-4.7213703016072
VN,2048,472.010576425093,109379.296,0.004315355772861192,-5.445575507588063
AUS,2049,133.016302035242,32593.518,0.0040810661198107554,-5.501397020824793
BD,2049,4.005993178653839,492.692,0.008130826517690239,-4.812092697897193
CDA,2049,316.83643419835204,45461.265,0.00696937127020887,-4.9662302634134585
CHL,2049,70.56144839749341,20323.217,0.0034719625538365017,-5.663035267427533
PRC,2049,12675.6122438269,1408312.31,0.009000569088135641,-4.710467471629906
HKC,2049,6.260470696873631,8054.884,0.0007772266735155504,-7.1597785210350455
INA,2049,1719.3427079857404,330008.087,0.005210001741520172,-5.2571750889520095
JPN,2049,1420.93071941163,106540.925,0.013336947463255363,-4.317217090522213
KOR,2049,1035.06134384432,47187.764,0.02193495211691573,-3.819673927319808
MAS,2049,497.5410641376941,40397.165,0.012316237145297055,-4.396836794047038
MEX,2049,850.189703991477,154768.043,0.005493315593526482,-5.204223272507907
NZ,2049,45.547851005557604,5593.464,0.008143048923807787,-4.810590608433675
PNG,2049,5.651529040101272,14037.961,0.0004025890255786629,-7.817594304000796
PE,2049,123.36768207109898,40224.491,0.003066979320412009,-5.7870621364837715
RP,2049,577.8512045176582,143742.427,0.004020046249237591,-5.5164618716319165
RUS,2049,746.3987879333839,136111.929,0.005483713245540616,-5.20597280793793
SIN,2049,175.21860310714,6417.931,0.02730141584681107,-3.600816715615485
CT,2049,647.886548878397,22550.98,0.028729862244496557,-3.549818200833741
THA,2049,774.6138093955127,66314.572,0.011680898873863088,-4.449800346164511
USA,2049,3413.6549403999898,378232.679,0.009025277639746167,-4.707726011829599
VN,2049,488.2231283856049,109502.617,0.004458552149357352,-5.412931195842885
AUS,2050,136.120717873883,32814.106,0.004148237891164337,-5.485071639448277
BD,2050,3.994730764597041,492.391,0.008112924006728476,-4.814296932465232
CDA,2050,323.232593923918,45669.453,0.007077654158106908,-4.950812759780333
CHL,2050,71.43460165130779,20319.303,0.0035156029540633254,-5.65054423100126
PRC,2050,12790.966010858001,1402405.167,0.009120735085581727,-4.697204876654798
HKC,2050,6.337745235546301,8041.04199999999,0.000788174621590872,-7.145790891652626
INA,2050,1763.1864968659802,330904.672,0.005328381996570843,-5.234707652261002
JPN,2050,1435.55901829397,105804.023,0.01356809483788693,-4.300034210136342
KOR,2050,1050.3268669071401,46829.924000000006,0.02242854092411382,-3.7974209827614254
MAS,2050,506.924840474901,40550.371,0.012501114736407738,-4.381937459737466
MEX,2050,868.3894105340529,155150.814,0.005597066416512986,-5.185512672694689
NZ,2050,46.861351914029406,5607.7930000000015,0.008356469633245983,-4.784719233750114
PNG,2050,5.9747938368933475,14204.06,0.00042063986190521213,-7.773733525279609
PE,2050,126.404710174795,40373.987,0.003130845367706563,-5.7664522253673525
RP,2050,595.249764069233,144488.171,0.004119712776136069,-5.491971832580953
RUS,2050,758.8756332028879,135824.486,0.005587178391404978,-5.1872808792842475
SIN,2050,177.135767208944,6407.528,0.027644946258361103,-3.5883123431854087
CT,2050,651.863728495309,22412.979,0.029084207346792634,-3.5375599549805483
THA,2050,794.5640513368448,65940.494,0.012049713357270947,-4.4187144071067515
USA,2050,3471.49806091174,379419.097,0.009149507993562433,-4.694055172335792
VN,2050,507.632919493796,109605.01,0.004631475509137731,-5.374879777174115
