Economy,Year,GDP,SteelProduction,Population,GDPpercap,PROpercap,lnGDPpercap,lnPROpercap
AUS,1990,73.8771369528662,6.68,16960.6,0.004355809166707912,0.00039385399101446884,-5.436244884166783,-7.839530298530066
BD,1990,2.05208203424472,1.0,258.714,0.007931855385656439,0.0038652720765014648,-4.836868300253718,-5.555723204465259
CDA,1990,144.46536982276,12.28,27541.323,0.005245404144991873,0.0004458754577621416,-5.25040298671971,-7.715470887625489
CHL,1990,23.4531839002217,0.77,13274.617,0.00176676915802706,5.800544000629171e-05,-6.338602734797335,-9.754973758604237
PRC,1990,512.4518333319611,66.35,1176883.681,0.0004354311658876346,5.6377704161572095e-05,-7.739173831827442,-9.783436793902524
HKC,1990,7.546474691442251,0.15,5727.94199999999,0.0013174844807161566,2.6187416003863212e-05,-6.6320310569607095,-10.550231567776772
INA,1990,163.54534475148,2.89,181413.398,0.0009015064298144067,1.5930466172074018e-05,-7.011443382995359,-11.047277170686813
JPN,1990,930.5021308558361,110.34,124505.243,0.0074735979661180695,0.0008862277390197938,-4.896378740358665,-7.02853659860571
KOR,1990,131.671418889771,23.13,42918.416,0.0030679468433730405,0.0005389294889168323,-5.786746721776822,-7.52592581394886
MAS,1990,45.02202339235951,1.1,18029.824,0.0024970861275384333,6.101002427977112e-05,-5.9926307758730895,-9.704472374836797
MEX,1990,240.48530815235299,8.73,83943.135,0.0028648597428765675,0.00010399897502041115,-5.855235885379733,-9.171129514444438
NZ,1990,16.1654415392617,0.72,3398.175,0.004757095069930683,0.00021187843474806327,-5.348118076461423,-8.45949786876066
PNG,1990,1.01016789365046,1.0,4615.843,0.00021884797503954532,0.00021664515019250005,-8.427133247102434,-8.437249795477793
PE,1990,18.705569288609503,0.27,22071.433,0.0008475013511179588,1.223300725421861e-05,-7.0732181244714605,-11.311372746895616
RP,1990,63.089033281983795,0.6,61895.169,0.0010192884889284944,9.693809867455083e-06,-6.888650454968072,-11.54402303415874
RUS,1990,489.241025199928,67.03,147531.562,0.0033161787116436007,0.0004543434577070363,-5.708942149420773,-7.696657131162779
SIN,1990,27.801558752989397,0.49,3012.968,0.009227299710116203,0.00016263033659833095,-4.685588829053895,-8.72403080630749
CT,1990,49.2231369746331,9.75,20478.516,0.0024036476556520553,0.0004761087180340607,-6.030767838919532,-7.649864330580768
THA,1990,109.25662550147601,0.69,56558.196,0.0019317558413899198,1.2199823346557941e-05,-6.249325927270116,-11.314089086120228
USA,1990,1626.3943182114099,89.73,252120.309,0.00645086595626618,0.00035590151525635326,-5.043540900400638,-7.940856507923183
VN,1990,13.9426996517081,0.1,67988.855,0.00020507331167303965,1.4708292998904013e-06,-8.492143024838645,-13.429684166660875
AUS,1991,67.05621310472829,6.14,17189.235,0.003901058604686496,0.0003572003058891219,-5.546507325579819,-7.937213852609772
BD,1991,2.36968393923605,1.0,266.208,0.00890162556811234,0.003756461113114557,-4.721521370819667,-5.584277958101477
CDA,1991,141.45169872428298,12.99,27888.813,0.005071987062492871,0.00046577815986646693,-5.284022612620799,-7.671801088975953
CHL,1991,26.05435827647291,0.81,13495.255,0.001930631045984156,6.0021096303849024e-05,-6.249908362676179,-9.720814452476597
PRC,1991,560.07949574167,71.0,1192897.277,0.00046951192406961123,5.951895554540695e-05,-7.663816862259101,-9.729215715553638
HKC,1991,7.976771047541421,0.15,5800.04,0.0013752958682252917,2.586189060765098e-05,-6.589086394119708,-10.562740077948336
INA,1991,184.19642927074295,3.09,184591.897,0.0009978576105685883,1.6739629692412772e-05,-6.909899966612799,-10.997731614269917
JPN,1991,962.302011045954,109.65,124929.764,0.007702744167882636,0.0008776931652572401,-4.866178628173402,-7.038213495502321
KOR,1991,145.86134598993598,26.0,43373.148,0.0033629411909399795,0.0005994492260511042,-5.694939333459873,-7.419499280909778
MAS,1991,52.017545470986605,1.13,18519.941000000006,0.002808731705516048,6.1015313169734155e-05,-5.875022247875872,-9.704385689725706
MEX,1991,247.65744520185902,7.96,85512.621,0.002896150793949574,9.308567445266354e-05,-5.844372736080279,-9.281990258209769
NZ,1991,16.0559118442742,0.81,3446.171,0.004659058370659552,0.00023504347288628454,-5.368941917644815,-8.355740069923375
PNG,1991,1.18092980379377,1.0,4725.543,0.0002499035145365877,0.0002116158926074739,-8.294435656450402,-8.460737753959894
PE,1991,19.1206943377758,0.4,22522.383,0.0008489640877599763,1.7760110020329553e-05,-7.071493672005788,-10.938555625581062
RP,1991,63.94847417796711,0.61,63454.785,0.0010077801725743316,9.61314422545124e-06,-6.900005215880024,-11.552379205825426
RUS,1991,464.54932688712495,67.03,147995.584,0.003138940462487887,0.0004529189195266799,-5.763869968333772,-7.699797434093391
SIN,1991,30.944103421427805,0.51,3101.144,0.009978286536009875,0.00016445543967000565,-4.6073438931777115,-8.712870907919411
CT,1991,52.05551855444681,10.97,20679.072,0.002517304381668907,0.0005304880218996288,-5.9845666397992,-7.541713179053684
THA,1991,123.130485534221,0.71,57232.471,0.0021514095649342313,1.2405545096943307e-05,-6.141632040064645,-11.29736700007344
USA,1991,1624.6335982742098,79.74,254539.371,0.0063826416789338645,0.00031327177279777277,-5.05417321106385,-8.068439460465395
VN,1991,15.794948516719995,0.18,69436.9559999999,0.00022747178774253896,2.592279534834451e-06,-8.388484337186041,-12.862972940059784
AUS,1992,67.3919813267953,6.8,17402.179,0.003872617407670344,0.0003907556634143345,-5.5538246678190015,-7.847428095065009
BD,1992,2.56788140681116,1.0,273.888,0.00937566233939114,0.003651127468162169,-4.669638060086169,-5.612719263699199
CDA,1992,142.725131178058,13.83,28224.41,0.005056797686047574,0.0004900013853256809,-5.287021864398527,-7.621102339668331
CHL,1992,28.828199929526004,1.01,13719.818,0.002101208626056556,7.361613689044564e-05,-6.165242563592801,-9.5166463050326
PRC,1992,639.7013130525601,80.94,1206711.243,0.0005301196261851353,6.707487020571333e-05,-7.542407867103453,-9.609701096716504
HKC,1992,8.47411507181957,0.15,5864.745,0.0014449247276428167,2.5576559594662682e-05,-6.539698050371222,-10.573834266767381
INA,1992,203.65311166719002,2.95,187739.786,0.0010847626707489164,1.5713238322323434e-05,-6.826394052553005,-11.061006995664311
JPN,1992,970.463001681801,98.13,125331.3,0.007743181485245912,0.0007829648300145295,-4.8609426312307775,-7.152422779949664
KOR,1992,149.91257318469195,28.06,43848.223,0.0034188973447040706,0.0006399347129757117,-5.678437193723355,-7.35414439778948
MAS,1992,57.2439536498313,1.56,19002.66,0.0030124179272707765,8.209377003009053e-05,-5.805012224595983,-9.407648427088047
MEX,1992,251.40357479003998,8.46,87075.136,0.0028872027807115915,9.715747099148948e-05,-5.847467141519093,-9.239177483486799
NZ,1992,16.2757277182711,0.76,3503.1940000000004,0.0046459681417218394,0.00021694487944430137,-5.371755501798662,-8.435867248467684
PNG,1992,1.2982666679393795,1.0,4836.215999999989,0.00026844679144591194,0.0002067732293181285,-8.222857833314965,-8.483887875749636
PE,1992,19.0212007029306,0.34,22966.822,0.0008282034276632004,1.480396373516545e-05,-7.096251748171199,-11.120615593107953
RP,1992,61.2927802508679,0.5,65020.124,0.000942673998143527,7.689926890942256e-06,-6.966790042266185,-11.77559928152153
RUS,1992,397.045321481443,67.03,148268.576,0.002677879104210477,0.0004520850055240296,-5.922730176791001,-7.701640330495459
SIN,1992,31.559760183215502,0.48,3199.6420000000007,0.0098635285395102,0.00015001678312761237,-4.618911310337971,-8.804763382609543
CT,1992,54.295805330880306,10.71,20868.148,0.0026018506927821435,0.0005132223520745588,-5.951532282251459,-7.574801371856058
THA,1992,129.67213146838094,0.93,57811.025,0.002243034636877325,1.6086896919748438e-05,-6.099925581353164,-11.037505473250627
USA,1992,1681.8603825094594,84.32,256990.608,0.006544442988007793,0.00032810537574198037,-5.029138988206339,-8.022175733669448
VN,1992,20.1605215156926,0.22,70883.488,0.0002844177407817827,3.1036847396674385e-06,-8.16506648229794,-12.68292052663025
AUS,1993,71.7447450237258,7.85,17603.211,0.004075662390442619,0.00044594136831058835,-5.502721995697229,-7.715323075773011
BD,1993,2.45136161494037,1.0,281.684,0.00870252344804948,0.0035500773916871385,-4.744142243878463,-5.6407858752571896
CDA,1993,146.522842217822,14.39,28547.964,0.0051325146065695606,0.0005040639675740099,-5.27215956317761,-7.592807378156839
CHL,1993,31.187582018489397,1.07,13944.934,0.002236481149246701,7.673037391213183e-05,-6.102851563811578,-9.475212918697407
PRC,1993,728.4123789149229,89.56,1218817.059,0.000597638811777513,7.348108507234145e-05,-7.422523980174396,-9.518482530819174
HKC,1993,8.99959926207041,0.15,5928.33599999999,0.0015180649784476495,2.5302209591359235e-05,-6.490318795623338,-10.584618830417487
INA,1993,222.351165967587,3.8,190851.184,0.0011650499688154253,1.9910801286933592e-05,-6.754991301197235,-10.824248195246785
JPN,1993,965.4367811860492,99.62,125707.407,0.007680030988039147,0.0007924751800822684,-4.869131696929766,-7.140349371211451
KOR,1993,161.496099726527,33.03,44335.037,0.0036426291857279158,0.0007450089643547609,-5.615049554297905,-7.202114306966153
MAS,1993,63.16010345492611,1.81,19484.901,0.003241489574667385,9.289244015147934e-05,-5.731722309560663,-9.284068291650758
MEX,1993,251.05939406716297,9.2,88625.44,0.00283281407761883,0.00010380766515799526,-5.8664846876721395,-9.172970744506179
NZ,1993,17.3402907001033,0.85,3564.473,0.00486475579983445,0.00023846442377316367,-5.325738759910378,-8.341290425331861
PNG,1993,1.40211502329633,1.0,4949.053,0.00028330976113942,0.00020205885853313756,-8.168969696587517,-8.50695152412873
PE,1993,20.0699553079053,0.42,23408.135,0.0008573923256981089,1.7942480253125678e-05,-7.061614954507461,-10.928339458207054
RP,1993,61.367532218468114,0.62,66593.90400000001,0.0009215187657186776,9.31016148264862e-06,-6.989487416744136,-11.584404121750683
RUS,1993,362.62728761500006,58.35,148373.584,0.002444015153094907,0.0003932640732059152,-6.014113037571343,-7.841029229747177
SIN,1993,35.3539156327069,0.52,3305.801,0.010694508118518598,0.00015729924457037796,-4.538024929228786,-8.75736055038851
CT,1993,55.948905149032896,11.97,21044.7,0.002658574612564346,0.000568789291365522,-5.929965159750992,-7.472000506365685
THA,1993,134.717448642274,0.95,58337.773,0.00230926622177151,1.6284474897593366e-05,-6.070825457823574,-11.02529836430041
USA,1993,1728.1593806354,88.79,259532.13,0.0066587492679052885,0.0003421156370889416,-5.011823609677838,-7.980361757908298
VN,1993,21.469202985557498,0.27,72300.308,0.0002969448343920955,3.734423925275671e-06,-8.12196417920146,-12.497916988149207
AUS,1994,76.5261776372653,8.42,17798.526,0.004299579506598765,0.00047307288255218433,-5.44923805022737,-7.656261095608324
BD,1994,2.4755046999953096,1.0,289.452,0.008552384160397266,0.00345480425079115,-4.761545185735401,-5.667989480157386
CDA,1994,153.108261861854,13.88,28860.734,0.005305071654167008,0.0004809302493831238,-5.239092000095625,-7.6397883100512205
CHL,1994,32.7009559522352,1.04,14166.346,0.002308355023393838,7.341342644038203e-05,-6.071220119204887,-9.519403717540817
PRC,1994,823.485918763312,92.61,1230020.02599999,0.0006694898467964608,7.529145708396845e-05,-7.308994558300602,-9.494143881334688
HKC,1994,9.54282282967652,0.15,5999.6190000000015,0.0015905714729012822,2.5001587600812645e-05,-6.44366191040574,-10.596571231079864
INA,1994,250.29861363267003,3.22,193917.458,0.0012907482194443266,1.6605003145204184e-05,-6.652533213679163,-11.005806513722503
JPN,1994,975.024209118941,98.3,126053.127,0.007735025955515892,0.0007798299204429891,-4.861996439369216,-7.156434712771267
KOR,1994,181.232690713144,33.75,44820.07,0.004043561081300051,0.0007530108721383077,-5.510629519495738,-7.191430891837927
MAS,1994,70.87974472694441,2.05,19977.508,0.003547977291609364,0.00010261540128027979,-5.641377614890866,-9.184522526548728
MEX,1994,252.20293692463002,10.26,90156.396,0.0027973937303863616,0.00011380224205058065,-5.879067105850451,-9.08104833479142
NZ,1994,18.753010093335604,0.77,3623.272,0.005175711371747858,0.00021251509685168545,-5.2637784861382135,-8.456497528115378
PNG,1994,1.34641915705477,1.0,5065.664000000002,0.0002657932221826733,0.0001974074869553132,-8.232791911699216,-8.530240503845668
PE,1994,22.2761558789477,0.51,23851.405,0.0009339557094832653,2.1382388165393192e-05,-6.97608154111327,-10.752942957698385
RP,1994,62.8494952057593,0.47,68180.8459999999,0.0009218057400719168,6.893431624477065e-06,-6.98917605067196,-11.884941538223831
RUS,1994,317.045922445932,48.81,148349.443,0.002137156136446916,0.0003290204466760283,-6.148279241932321,-8.019390661178551
SIN,1994,37.9177030236948,0.53,3415.7009999999896,0.01110100182179146,0.0001551658063747388,-4.500719920521068,-8.771016294239512
CT,1994,59.8752202294425,11.59,21207.424,0.0028233141483587306,0.0005465067327366115,-5.869843854159761,-7.511963930685944
THA,1994,144.007712480827,1.46,58875.275,0.0024459794452055977,2.4798185656033026e-05,-6.013309645184355,-10.604740066500517
USA,1994,1797.78414084273,91.24,262241.204,0.006855460215331874,0.0003479239669750753,-4.982709832505551,-7.9635265877650845
VN,1994,22.972634058649398,0.3,73651.22,0.0003119111137418959,4.073252282854242e-06,-8.072792302597083,-12.41106879091319
AUS,1995,78.9761735053353,8.46,17993.083,0.004389251886701979,0.00047018067998685946,-5.428596479468952,-7.662393511628766
BD,1995,2.7990903718010003,1.0,297.112,0.00942099400832346,0.0033657341339292926,-4.664814674907374,-5.694109172093819
CDA,1995,157.23296210080798,14.42,29164.153,0.005391309053302799,0.0004944426124770364,-5.2229670565165955,-7.612079465249694
CHL,1995,35.828092211256305,1.01,14380.864,0.00249137271663624,7.023221970529726e-05,-5.994921428589247,-9.563703382066166
PRC,1995,913.6512643939067,95.36,1240920.539,0.0007362689517011102,7.684617749726842e-05,-7.213915082479363,-9.473704829005044
HKC,1995,9.76934925665398,0.15,6084.234,0.0016056826967296095,2.46538841208277e-05,-6.4342062566206435,-10.6105760990639
INA,1995,279.98202143891103,4.13,196934.257,0.0014217029870984357,2.097146561961538e-05,-6.5558998392497525,-10.77234782423782
JPN,1995,1001.0965550310699,101.64,126365.486,0.007922230877433335,0.0008043335503809956,-4.8380824363755615,-7.125496511159486
KOR,1995,202.18060874128201,36.77,45292.5209999999,0.004463885080304593,0.0008118338124742513,-5.411735797893867,-7.116214903189798
MAS,1995,77.07930071960422,2.45,20487.604,0.003762240851570746,0.00011958450583094051,-5.582740527938187,-9.031487274748581
MEX,1995,260.35387104406396,12.15,91663.29,0.0028403286751333494,0.00013255033721787645,-5.863835502824544,-8.928548081151929
NZ,1995,18.835660713179895,0.84,3674.94,0.005125433534474004,0.00022857516041078222,-5.273540165442886,-8.383645472127823
PNG,1995,1.36317069017475,1.0,5187.063,0.00026280203077825546,0.0001927873249274204,-8.24410954391695,-8.55392292002663
PE,1995,22.9317234069315,0.51,24299.168,0.0009437246331615756,2.0988372935237948e-05,-6.965676136531472,-10.77154194332312
RP,1995,65.0309467851754,0.92,69784.087,0.0009318879071266692,1.31835213377514e-05,-6.978298021835175,-11.236542891755445
RUS,1995,303.9090345903,51.59,148227.471,0.0020502881992117373,0.0003480461459131284,-6.189774910731628,-7.963175483782182
SIN,1995,41.268142802507796,0.52,3525.9640000000004,0.011704073780250675,0.00014747739908858967,-4.447818311435014,-8.821835620442817
CT,1995,63.373432587742215,11.61,21356.025,0.0029674732347308177,0.0005436404948954685,-5.820044450988417,-7.517222384540796
THA,1995,157.64966616648903,2.13,59467.272,0.0026510324227835614,3.5818021045256624e-05,-5.932806121352619,-10.23705941005899
USA,1995,1846.0418292040506,95.19,265163.74100000004,0.006961893893343624,0.0003589857332718804,-4.967303730538733,-7.932227910455405
VN,1995,25.300228835089413,0.27,74910.462,0.00033773959150177734,3.6043029610470167e-06,-7.993235398766027,-12.533382159307553
AUS,1996,79.6588891613166,8.42,18189.274,0.004379443025670875,0.0004629101744247736,-5.430833725768535,-7.677977530421844
BD,1996,2.82577153053994,1.0,304.62,0.009276382150022782,0.0032827785437594377,-4.680283662720466,-5.719065098187358
CDA,1996,159.77883492990705,14.74,29457.82,0.005423987074736252,0.0005003764704923854,-5.2169241113232365,-7.600149801875169
CHL,1996,33.3039235587485,1.18,14587.367,0.002283066132410907,8.089191147381154e-05,-6.082235944525549,-9.422396720680645
PRC,1996,1004.3619649375901,101.24,1251636.178,0.0008024392252247522,8.088612472177997e-05,-7.127854437635063,-9.422468260083274
HKC,1996,10.1853808013455,0.1,6185.584,0.0016466320401348523,1.616662226234419e-05,-6.409023264929699,-11.03256179535184
INA,1996,320.427453918957,4.11,199901.23100000003,0.0016029288680016029,2.0560153529019538e-05,-6.4359227806364805,-10.792155650040426
JPN,1996,1030.80481815758,98.8,126644.099,0.008139382934514619,0.0007801389940797794,-4.811040908411837,-7.156038456617753
KOR,1996,208.494772581082,38.9,45751.023,0.004557160887551782,0.0008502542118019961,-5.391055461738413,-7.069975180485009
MAS,1996,89.4975302432003,3.22,21017.619,0.004258214512462154,0.00015320479451073885,-5.458905335089781,-8.783735005385482
MEX,1996,293.232900117523,13.2,93147.045,0.0031480644406650044,0.00014171141983087063,-5.760967478285477,-8.861717822906849
NZ,1996,18.370200873742398,0.81,3717.352,0.004941743712659549,0.00021789704068917877,-5.310037031793317,-8.431487897156044
PNG,1996,1.6368965332297298,1.0,5314.258000000002,0.00030801977119472357,0.00018817302434319142,-8.08534658486027,-8.578148676138563
PE,1996,23.5341181852949,0.58,24753.825,0.0009507265315681475,2.343072232271174e-05,-6.958284095585572,-10.661462476952135
RP,1996,68.27927830392791,0.92,71401.743,0.0009562690690047708,1.2884839519954016e-05,-6.952471231579459,-11.25945916873347
RUS,1996,292.4970393098,49.25,148020.851999999,0.0019760529368511,0.0003327233922420629,-6.226653890110901,-8.008199067095708
SIN,1996,42.839116612653505,0.53,3638.177,0.011774885227588846,0.00014567735434532184,-4.441786386253372,-8.834116283436616
CT,1996,67.06057399606749,12.42,21488.994,0.003120693969948872,0.0005779702856262141,-5.769699875628136,-7.455988099564569
THA,1996,163.14949753281,2.13,60130.19,0.002713270946471481,3.5423137695058e-05,-5.909600380601063,-10.248145344127678
USA,1996,1915.6837815649496,95.54,268335.00800000003,0.007139149661623538,0.0003560474673509615,-4.942161604733727,-7.940446500745089
VN,1996,28.00536659634561,0.31,76068.739,0.0003681586807472332,4.0752614553003175e-06,-7.90699651505165,-12.410575652519771
AUS,1997,79.96087484346751,8.83,18387.205,0.004348723737156762,0.00048022524358650484,-5.437872870686979,-7.641255306657308
BD,1997,3.2725765467921097,1.0,311.962,0.010490305058924195,0.0032055186208576687,-4.5573037760697765,-5.742881385520089
CDA,1997,166.61743311059402,15.55,29742.378,0.0056020212341660785,0.0005228230237676355,-5.1846278116897695,-7.556267537842603
CHL,1997,35.12443924807991,1.17,14786.227,0.0023754835664351634,7.912769092480454e-05,-6.04255425530054,-9.444447669549875
PRC,1997,1097.0723001626,108.91,1261996.017,0.0008693151843462592,8.629979693509603e-05,-7.047804800706075,-9.357683312889293
HKC,1997,10.7048016831073,1.0,6299.91199999999,0.0016991986051721542,0.00015873237594429915,-6.377598547790253,-8.748290944028097
INA,1997,350.892670965075,3.82,202826.444,0.0017300144105720013,1.8833836085002803e-05,-6.359625540696737,-10.879855514057377
JPN,1997,1041.07876100996,104.55,126892.745,0.00820439940053279,0.0008239241731274708,-4.803084756323079,-7.101432055192724
KOR,1997,220.301418590038,42.55,46196.056,0.004768836079643639,0.0009210743012347201,-5.345653012317248,-6.989969850441027
MAS,1997,97.90525688281778,2.96,21562.79,0.004540472586470386,0.00013727351608952272,-5.39472417841007,-8.893535154622668
MEX,1997,313.349549817531,14.25,94611.008,0.0033119777121234243,0.0001506167231618545,-5.7102097719130995,-8.80077220519195
NZ,1997,18.364818755304306,0.76,3752.355,0.004894211436632276,0.00020253947187832708,-5.319702111659852,-8.504575767556735
PNG,1997,1.61911852526725,1.0,5446.633000000002,0.0002972696205650811,0.0001835996660689273,-8.120871017624458,-8.602752898576231
PE,1997,25.13499558615889,0.61,25210.957,0.0009969869682518952,2.419582882157151e-05,-6.9107728590488495,-10.629330302402778
RP,1997,70.10634014163672,0.98,73030.879,0.0009599547629932911,1.3418981305154495e-05,-6.948624396494651,-11.218840338008768
RUS,1997,296.591751591428,48.5,147730.02,0.002007660674461616,0.00032830158690833457,-6.210785078254441,-8.021577899754323
SIN,1997,44.368808708424794,0.38,3752.131,0.011824962590172038,0.00010127578168246258,-4.43754250823096,-9.19766325049047
CT,1997,71.49887791890289,16.06,21608.3089999999,0.0033088603980488815,0.000743232614824236,-5.711151439494461,-7.204501487110747
THA,1997,163.462438372156,2.1,60846.588,0.0026864684404679516,3.451302807644695e-05,-5.919527795317237,-10.274173679805228
USA,1997,2000.87838377383,98.49,271713.634,0.007363923386243584,0.00036247721010569526,-4.911162419488948,-7.922548954319807
VN,1997,32.8949907865073,0.31,77133.212,0.0004264698686022216,4.019021015227526e-06,-7.759968841588674,-12.424472213541604
AUS,1998,84.7008214309713,8.94,18587.027,0.0045569859790364165,0.00048098063235180107,-5.391093843502049,-7.639683554050056
BD,1998,2.96467485616606,1.0,319.135,0.00928972020043574,0.003133470161530387,-4.678846844969942,-5.765614210754205
CDA,1998,173.670405569286,15.93,30022.078,0.005784756323972178,0.0005306095067769792,-5.152529041268223,-7.54148419938952
CHL,1998,35.793709038094306,1.17,14977.736,0.002389794361316978,7.811594489314004e-05,-6.036547958030449,-9.457316361993062
PRC,1998,1183.05659145952,114.59,1271982.3490000002,0.0009300888431271147,9.008772809629608e-05,-6.9802304461354865,-9.31472660577524
HKC,1998,10.0750652416059,1.0,6416.996,0.0015700594548611064,0.00015583615760396296,-6.456641791000662,-8.76670537440608
INA,1998,284.383772177133,2.7,205724.597,0.001382351825324674,1.3124342151463784e-05,-6.583969009100503,-11.24104187253596
JPN,1998,1006.40771148464,93.55,127117.436,0.007917149237376374,0.0007359336605876789,-4.8387240827271825,-7.214370578368896
KOR,1998,216.01122291694801,39.9,46620.698,0.004633375993575816,0.0008558430420754318,-5.374469520309408,-7.063423560696822
MAS,1998,91.98634984087307,1.9,22114.647,0.0041595215081151,8.59159090353104e-05,-5.482355233412229,-9.362141541985908
MEX,1998,328.0331423085629,14.22,96056.313,0.003415008676301816,0.00014803816173956209,-5.679575245317863,-8.818040467846016
NZ,1998,17.90169444535589,0.76,3783.976,0.004730921772589438,0.00020084693983259935,-5.353635217538646,-8.512967433358702
PNG,1998,1.5683517633110098,1.0,5581.767,0.0002809776479940868,0.00017915473720060332,-8.177235436299389,-8.627260671913717
PE,1998,24.2358568633543,0.63,25658.07,0.0009445705333002171,2.455367843333501e-05,-6.9647801958859095,-10.614648880596059
RP,1998,73.43149862207841,0.88,74672.009,0.0009833872103545305,1.1784871088710095e-05,-6.924507608608398,-11.34869396022658
RUS,1998,280.872502573032,43.82,147360.613,0.0019060215403218497,0.00029736575539353923,-6.262737172490875,-8.120547677193725
SIN,1998,44.444691319163596,0.5,3860.7209999999895,0.01151201843364587,0.00012950948799460033,-4.464363708143499,-8.951756413140961
CT,1998,71.52965792617239,16.97,21721.513,0.003293032945088696,0.0007812531290983275,-5.715946271055904,-7.1546113516758245
THA,1998,154.66472830790903,1.81,61585.103,0.002511398386520666,2.9390224450870855e-05,-5.986915554871723,-10.434848440581634
USA,1998,2049.8904326155803,98.66,275175.309,0.007449398131194904,0.00035853507481661443,-4.899622037613249,-7.933484065007147
VN,1998,36.1902810461587,0.31,78115.712,0.0004632906763514964,3.968471797325485e-06,-7.677155890174353,-12.4371294750741
AUS,1999,85.32063300180161,8.17,18788.187,0.004541185001075495,0.0004348477051032119,-5.394567287534213,-7.740514691387034
BD,1999,3.02891765598127,1.0,326.214,0.009285063350994348,0.0030654723586357423,-4.679348261261127,-5.787553607720879
CDA,1999,190.166742248583,16.24,30302.511,0.0062756100393324835,0.0005359291842184299,-5.071084581266094,-7.531508524617422
CHL,1999,35.99172124044561,1.29,15162.801,0.0023736855242277206,8.507662931143132e-05,-6.043311458196047,-9.37195818628927
PRC,1999,1273.7672920031998,123.95,1281514.833,0.0009939543883556437,9.672147119033775e-05,-6.913819239326692,-9.243675140955204
HKC,1999,10.327608912944,1.0,6522.46099999999,0.001583391439664264,0.00015331636325613927,-6.448186251541754,-8.783007037690592
INA,1999,298.091856041902,2.89,208615.171,0.0014289078527366641,1.3853259023045836e-05,-6.550844865852786,-11.18699004448847
JPN,1999,985.0635162714732,94.19,127326.063,0.00773654264540853,0.0007397542795303425,-4.861800377814422,-7.20919248159715
KOR,1999,242.343631604648,41.04,47016.95200000001,0.005154388391758104,0.0008728766594652922,-5.267906812245803,-7.043716295651044
MAS,1999,104.93690818218799,2.77,22661.293,0.004630667287263263,0.00012223486100285626,-5.375054298749584,-9.009566273655103
MEX,1999,323.203327934097,15.27,97484.823,0.0033154220112201157,0.00015663976740256275,-5.709170359911239,-8.761561864100422
NZ,1999,18.605148278322503,0.78,3818.128,0.004872845613955976,0.00020428859378208378,-5.324077197552473,-8.495976888428201
PNG,1999,1.4222187872382197,1.0,5716.166,0.00024880641801484064,0.00017494243519170017,-8.298835401552374,-8.651053579915681
PE,1999,24.281429917624997,0.56,26078.295,0.0009310972944214719,2.1473796503950895e-05,-6.979146780861283,-10.748677133389572
RP,1999,75.73137069623952,0.53,76325.927,0.0009922102969838744,6.943905181787049e-06,-6.915575480219434,-11.877646235396016
RUS,1999,298.848103124916,51.51,146915.915,0.002034143837479527,0.00035060871383471283,-6.197680267297794,-7.955839731722355
SIN,1999,47.326785120247,0.59,3954.741,0.011967101036514655,0.00014918802520822474,-4.425593974498794,-8.810303133414113
CT,1999,80.2192160229271,15.44,21838.635,0.003673270606103683,0.0007070038947031259,-5.606672840449589,-7.254474383309005
THA,1999,167.80791729553798,1.53,62298.569,0.002693607894838451,2.4559151591427406e-05,-5.916873759159999,-10.61442599960499
USA,1999,2103.6268835186293,97.43,278548.148,0.007552112260027051,0.00034977794934037764,-4.885927985309397,-7.958212035273041
VN,1999,39.1266302371153,0.31,79035.871,0.0004950490168839324,3.922269674234374e-06,-7.610853776290193,-12.448840073187702
AUS,2000,85.82863198178941,7.13,18991.434,0.004519333926115816,0.000375432418636739,-5.399390657475569,-7.887432079957252
BD,2000,3.5329142255989896,1.0,333.166,0.010604065917887748,0.0030015067563917085,-4.546517774251806,-5.808640864269843
CDA,2000,199.03206115470797,16.6,30588.379,0.006506786814518938,0.0005426897580940788,-5.034909521489634,-7.518972749204783
CHL,2000,39.2415781158736,1.35,15342.35,0.002557729299349422,8.799173529478862e-05,-5.968635406542864,-9.33826766500123
PRC,2000,1381.9293497657095,128.5,1290550.767,0.0010708058800182865,9.95698916197692e-05,-6.83934375509456,-9.214650732047657
HKC,2000,11.1190692173946,1.0,6606.328,0.001683093727316385,0.00015137001977497938,-6.387121674702395,-8.795783256549791
INA,2000,272.631484712495,2.85,211513.822,0.0012889535167706205,1.347429672941185e-05,-6.653924617141088,-11.214726633298408
JPN,2000,1016.3592659836901,106.44,127524.168,0.007969934498876244,0.0008346653161461912,-4.832079004673479,-7.088479732449417
KOR,2000,272.40825285270404,43.11,47379.237,0.005749528065483706,0.0009098922382392945,-5.158637503109313,-7.002184384982781
MAS,2000,113.96480863182602,3.65,23194.252,0.004913493594526179,0.00015736657513249402,-5.315770063810515,-8.756932600742074
MEX,2000,333.94852198990003,15.63,98899.845,0.0033766334213152713,0.0001580386703336087,-5.69087609505058,-8.752670805936555
NZ,2000,19.081378703768802,0.7,3858.992,0.00494465360481929,0.00018139451960511965,-5.309448365942587,-8.614836232398275
PNG,2000,1.20595262362183,1.0,5847.59,0.00020623070762858375,0.0001710106214696995,-8.48651507589501,-8.673784889532708
PE,2000,25.8553339820709,0.75,26459.944,0.00097714998875549,2.834473119066314e-05,-6.930870397995643,-10.471069393716371
RP,2000,82.4418153406258,0.43,77991.757,0.00105705805987453,5.513403166439756e-06,-6.852265644676813,-12.108328490894607
RUS,2000,328.733113114991,59.14,146404.89,0.0022453697626834113,0.00040394825609991574,-6.098885066368821,-7.814223767166539
SIN,2000,58.4041720529191,0.6,4028.872,0.014496407940713704,0.00014892505892468165,-4.233854388471955,-8.812067338782779
CT,2000,90.3263552184029,16.9,21966.528,0.004111999639560831,0.0007693523528160663,-5.493845838484717,-7.169961497278696
THA,2000,176.54821225888801,2.1,62952.639,0.0028044608623776363,3.3358410915863275e-05,-5.87654396440738,-10.308200616024852
USA,2000,2142.76626949387,101.82,281710.914,0.007606259335390428,0.00036143434613257475,-4.878783773897663,-7.925430147983753
VN,2000,43.5593862584198,0.31,79910.411,0.0005451027683792016,3.8793443322422656e-06,-7.514536215243934,-12.459844405144423
AUS,2001,83.0299421339633,7.03,19194.676,0.004325675626614552,0.0003662473906827081,-5.44318693655233,-7.91220152207419
BD,2001,3.71549547839494,1.0,340.037,0.01092673879135194,0.002940856436211354,-4.516542393561479,-5.829054435218768
CDA,2001,190.51645553806893,15.28,30880.072,0.006169559952388354,0.0004948174991301833,-5.088127764128796,-7.6113215520038375
CHL,2001,42.1031202098404,1.25,15516.112,0.0027135096865658357,8.056141899465537e-05,-5.909512394699051,-9.426490695574842
PRC,2001,1497.1810213983701,151.63,1299129.747,0.0011524491875085747,0.00011671659458968574,-6.765865872995069,-9.055761830069082
HKC,2001,9.877396282406847,1.0,6664.775,0.0014820299683645506,0.00015004257458053723,-6.514342530744172,-8.80459147360337
INA,2001,383.50660226430085,2.78,214427.419,0.0017885147526972792,1.2964759884555622e-05,-6.326369750656627,-11.253275659426242
JPN,2001,961.4802041701648,102.87,127713.824,0.007528395705778608,0.0008054727106127526,-4.889073313550955,-7.124081234738337
KOR,2001,269.988981305354,43.85,47706.226,0.005659407669459202,0.0009191672382552332,-5.174436044282462,-6.992042473649724
MAS,2001,108.88654182193301,4.1,23709.115,0.004592602542184008,0.00017292927213858464,-5.383308412940484,-8.662627878629781
MEX,2001,316.20352258499,13.3,100298.152,0.0031526355798159674,0.00013260463662381338,-5.7595164839711614,-8.92813851382676
NZ,2001,19.3430067619734,0.83,3907.941,0.004949667040002242,0.0002123880580592184,-5.308434969309918,-8.457095494003765
PNG,2001,1.1819635363415,1.0,5974.627,0.00019783051499976483,0.00016737446538503574,-8.52809987868364,-8.695276948072836
PE,2001,26.642158741835605,0.69,26799.289,0.0009941367751150265,2.5746951719502706e-05,-6.9136357600544684,-10.567194317687111
RP,2001,85.5192191067201,0.5,79672.869,0.001073379434933115,6.275662045005558e-06,-6.836943257215293,-11.978831573331538
RUS,2001,345.498670277874,58.97,145830.726,0.0023691760972092673,0.00040437294401181274,-6.045213022583628,-7.813172977082312
SIN,2001,52.268467796158,0.46,4077.15,0.012819854014730387,0.00011282390885790319,-4.356760214860971,-9.089682283400096
CT,2001,86.4986344195179,17.26,22108.715,0.003912422518428498,0.000780687615720769,-5.543598526908509,-7.155335468008848
THA,2001,179.066302638663,2.13,63539.19,0.0028182024769069763,3.352261808814371e-05,-5.871656016806851,-10.303290180145565
USA,2001,1993.1575955785104,90.1,284607.992,0.007003168047292608,0.00031657579032425763,-4.961392654124783,-8.05794788114724
VN,2001,49.2980765044689,0.32,80742.5,0.0006105592036965527,3.963216397807846e-06,-7.40113529336343,-12.438454640702757
AUS,2002,82.87064999929468,7.53,19401.366,0.004271382231503425,0.000388117001658543,-5.455817796511566,-7.854203713131917
BD,2002,3.84919419958352,1.0,346.777,0.01109991204602243,0.0028836975924008803,-4.500818094477005,-5.84868192206117
CDA,2002,193.073761237226,16.0,31178.26,0.006192576533688089,0.0005131780926838124,-5.084404037583376,-7.5748876138116215
CHL,2002,43.5381052159047,1.28,15684.413,0.0027758836250935687,8.160968472329821e-05,-5.886786159012587,-9.413562617702222
PRC,2002,1633.8833196125,182.25,1307352.256,0.0012497651739337343,0.00013940389758274911,-6.684799606169,-8.878135100324632
HKC,2002,8.73616446005431,1.0,6701.771,0.0013035605752650023,0.00014921428977504602,-6.642655854427662,-8.810127098808682
INA,2002,416.382373115756,2.46,217357.79,0.0019156542450848254,1.1317744811446602e-05,-6.2576960723540385,-11.389138726640153
JPN,2002,945.8534304174159,107.75,127893.075,0.00739565789951814,0.0008425006592421052,-4.906862221324484,-7.079136113254853
KOR,2002,284.87174038531094,45.39,47999.551,0.005934883440582828,0.0009456338456165976,-5.126907890442285,-6.963655119211237
MAS,2002,114.404522516934,4.72,24208.391,0.004725820998055344,0.00019497371799720187,-5.354713976928102,-8.542645787985629
MEX,2002,302.344732633065,14.01,101684.764,0.002973353339671074,0.00013777875316699364,-5.818064892492039,-8.889861397288612
NZ,2002,20.730898367783407,0.77,3963.202,0.005230845757491898,0.00019428734644360798,-5.2531823012658405,-8.546172327512089
PNG,2002,1.05000352664371,1.0,6098.621,0.00017217064753551826,0.00016397149453950327,-8.667024436158872,-8.715817959030959
PE,2002,27.94661047785049,0.61,27100.964,0.0010312035571078022,2.250842442357401e-05,-6.8770286568613415,-10.701620900005626
RP,2002,88.7291018112316,0.55,81365.26,0.0010905035123249358,6.759641645586828e-06,-6.8211157514887715,-11.9045406803224
RUS,2002,361.7370798261729,59.78,145215.707,0.0024910327353650035,0.00041166345731457276,-5.995057901333202,-7.795304393597684
SIN,2002,57.4324685746593,0.46,4104.407,0.013992878526583572,0.00011207465536434374,-4.26920675545935,-9.096345342972391
CT,2002,98.7816193186238,18.23,22262.297,0.004437171030402829,0.0008188732726007564,-5.417738260922392,-7.107581220393004
THA,2002,194.698738261402,2.54,64069.093,0.0030388870693300123,3.964470044862349e-05,-5.796263926208494,-10.135553277110972
USA,2002,1958.3947359451001,91.59,287279.312,0.0068170406087059284,0.00031881864155954264,-4.988329829643153,-8.05088813860612
VN,2002,54.5399482727147,0.41,81534.406,0.0006689194285994394,5.028551995583312e-06,-7.309846940665316,-12.200378488937686
AUS,2003,87.85662461041849,7.54,19624.163,0.00447696162177304,0.00038422020852558146,-5.408810672068954,-7.864294710039692
BD,2003,3.8679335440821005,1.0,353.295,0.010948169501640556,0.0028304957613325974,-4.514583005493837,-5.8673034019864385
CDA,2003,187.346122245002,15.93,31488.046,0.00594975382864348,0.0005059062731298093,-5.124405433617729,-7.589159136802939
CHL,2003,43.898433099108104,1.38,15849.649,0.0027696785650652644,8.7068174191113e-05,-5.889024007008909,-9.348819134780697
PRC,2003,1797.8533634810394,222.34,1315303.522,0.0013668733744035691,0.00016904083071405323,-6.595229355813459,-8.685370270363926
HKC,2003,7.923715691198652,1.0,6724.687,0.0011783025278646652,0.00014870580593565172,-6.743680411898333,-8.813540660635963
INA,2003,385.76158182889696,2.04,220309.473,0.0017509986137949545,9.259701692446063e-06,-6.347569017343525,-11.589838724463743
JPN,2003,970.7304972737642,110.51,128058.368,0.007580375358787675,0.0008629658625666696,-4.882192560924932,-7.055135424364659
KOR,2003,288.90943253534493,46.31,48260.901,0.005986407765891999,0.0009595759515554839,-5.1182637519431875,-6.949019088217845
MAS,2003,123.850197975945,3.96,24698.821,0.005014417407857039,0.0001603315397119563,-5.295438034235321,-8.738266763416911
MEX,2003,295.019362417427,15.16,103081.02,0.0028620143884628517,0.0001470687814303739,-5.856229570445123,-8.824610179730126
NZ,2003,20.5149431475797,0.85,4022.074,0.005100588190963095,0.00021133375467482696,-5.278399414340639,-8.46207189846768
PNG,2003,1.11971508331517,1.0,6223.3780000000015,0.00017992078953185385,0.00016068443857981948,-8.622993862084437,-8.736068125131672
PE,2003,28.92215776807949,0.67,27372.217,0.0010566245974185974,2.447737426603041e-05,-6.852675793722143,-10.617761366447528
RP,2003,92.9512685343004,0.5,83051.97,0.0011191940243476513,6.020326790562584e-06,-6.795146473844866,-12.020369015970267
RUS,2003,367.03925461004616,61.45,144610.876,0.0025381165287322247,0.0004249334607446815,-5.976332997137861,-7.763577964250806
SIN,2003,60.1048970680641,0.56,4129.227,0.014555968240075951,0.0001356186036757001,-4.229754181147496,-8.905663996619861
CT,2003,113.75733616208099,18.83,22419.785,0.0050739708771552,0.000839883165694943,-5.283631557444065,-7.082247764259012
THA,2003,216.375601910326,3.55,64549.867,0.003352068903725642,5.499624034856648e-05,-5.698177540569502,-9.80824573236706
USA,2003,1995.0510726642399,93.68,289815.567,0.006883864429077545,0.0003232400556316563,-4.978575094452921,-8.037115304492692
VN,2003,57.93370262647961,0.54,82301.65,0.0007039190906437431,6.561229331368206e-06,-7.2588471364738325,-11.93433257449068
AUS,2004,91.58887887112749,7.41,19879.654,0.0046071666474239185,0.0003727429058875975,-5.380142221027065,-7.894621636324551
BD,2004,3.37260440000462,1.0,359.434,0.00938309787055376,0.002782151938881686,-4.668845307103688,-5.884530571989596
CDA,2004,190.05645670833505,16.31,31815.49,0.005973708300841352,0.0005126433696290705,-5.120387388495289,-7.5759301404555215
CHL,2004,44.08068920911701,1.58,16014.972,0.0027524674541495927,9.865768107493414e-05,-5.895257513542851,-9.223854466641942
PRC,2004,1979.63833451048,272.8,1323084.639,0.0014962295503685309,0.0002061848440823747,-6.504806968441274,-8.48673749013816
HKC,2004,8.3127847467526,1.0,6744.563,0.0012325164353498663,0.0001482675749340617,-6.698697317166873,-8.816491977810582
INA,2004,402.48680975118,3.68,223285.66600000003,0.001802564476983399,1.6481129603724762e-05,-6.318544918580356,-11.013294491916637
JPN,2004,1002.56935354536,112.72,128204.183,0.007820098612112835,0.0008792224821556719,-4.851058114259818,-7.0364725840511255
KOR,2004,326.598619976551,47.52,48493.434,0.006734903945481588,0.000979926478293948,-5.000451731213853,-6.9280330112629915
MAS,2004,134.237681550035,5.7,25190.647,0.005328869939308626,0.00022627445813519598,-5.234616082175006,-8.393761878971857
MEX,2004,307.508597232057,16.74,104514.934,0.00294224552858692,0.00016016849802536352,-5.828582203933404,-8.739284184206051
NZ,2004,21.107751193747198,0.89,4080.421,0.005172934653984772,0.0002181147484536522,-5.264315120171847,-8.430489264605331
PNG,2004,1.18075493357467,1.0,6354.24699999999,0.00018582137798147787,0.0001573750595467884,-8.590724679099571,-8.75687868722469
PE,2004,32.276418338922504,0.73,27624.226,0.0011684098710647134,2.6426079775049624e-05,-6.752111539125615,-10.541159165167693
RP,2004,96.3826311061669,0.4,84710.54400000001,0.0011377878898542653,4.721962356893848e-06,-6.778669349179264,-12.263286091189178
RUS,2004,416.721449275289,65.58,144080.649,0.00289227909623928,0.0004551617476403788,-5.845710473035248,-7.694857712865168
SIN,2004,72.2808772036493,0.61,4177.202,0.017303658574244027,0.00014603076413350371,-4.056837321556782,-8.83169324520968
CT,2004,130.747722407034,19.6,22570.229,0.005792928481453777,0.0008684005820233372,-5.151117332627654,-7.048857449735423
THA,2004,228.67700679166302,4.53,64995.303,0.003518362039048622,6.969734412962118e-05,-5.64975972748738,-9.57134834523338
USA,2004,2049.70764045044,99.68,292354.663,0.007011031120274761,0.0003409557384073604,-4.960270495988843,-7.983757888497332
VN,2004,62.3300449116374,0.69,83062.819,0.0007503964549004458,8.306965839914485e-06,-7.194908884563208,-11.698416137320624
AUS,2005,89.71190195816841,7.76,20178.543,0.004445905829680984,0.0003845669134783418,-5.415771644572912,-7.863392756907697
BD,2005,3.13602459611358,1.0,365.112,0.008589212614522612,0.002738885602226166,-4.757248210223071,-5.900204155828938
CDA,2005,186.998791780588,15.33,32164.313,0.005813859347177351,0.0004766151852831429,-5.147510669230045,-7.648801132113662
CHL,2005,41.758569657173,1.54,16182.713,0.002580443072627748,9.516327701047409e-05,-5.959794161216487,-9.259916436274258
PRC,2005,2213.4305450369798,355.79,1330776.38,0.0016632625723616917,0.0002673552110986521,-6.39897420045806,-8.22693240508696
HKC,2005,8.3628314435538,1.0,6769.5790000000015,0.0012353547308560544,0.00014771967355724778,-6.696397118682864,-8.82019417785747
INA,2005,415.420400118107,3.68,226289.468,0.0018357920224466966,1.6262356496414584e-05,-6.300279270734702,-11.026657538366608
JPN,2005,1034.16509904637,112.47,128326.115,0.008058882629201156,0.0008764389072325613,-4.82098036368661,-7.039643556850726
KOR,2005,336.705640522392,47.82,48701.069,0.006913721760858925,0.0009819086312047893,-4.974247181153488,-6.926012297518275
MAS,2005,128.230289408628,5.3,25690.615,0.004991328133196812,0.0002063010169277769,-5.300053245675445,-8.486174208535296
MEX,2005,296.99744900011,16.2,106005.199,0.002801725309719102,0.00015282269315866292,-5.877519869520649,-8.786232176822905
NZ,2005,21.762367627183203,0.89,4135.353,0.005262517523215842,0.00021521741916590917,-5.247145750151943,-8.443861788872937
PNG,2005,0.43757875625441606,1.0,6494.90199999999,6.737264954181244e-05,0.00015396691127903109,-9.605271415550517,-8.778772840461228
PE,2005,34.67998165967209,0.79,27866.14,0.0012445204703511892,2.8349818094648204e-05,-6.689004987636872,-10.470889944225624
RP,2005,101.430743675049,0.47,86326.2509999999,0.0011749698672197536,5.444462079095738e-06,-6.74651277663421,-12.120911598177528
RUS,2005,456.90364200181887,66.15,143672.125,0.003180182947818297,0.0004604233423846136,-5.7508165530844115,-7.683364182174536
SIN,2005,77.4781398024563,0.57,4265.693,0.018163083888703732,0.00013362424346993558,-4.008364102566479,-8.920478850225845
CT,2005,148.96961204675898,18.94,22705.718999999903,0.006560885037234876,0.0008341510788537497,-5.02662977091361,-7.089096022306418
THA,2005,239.78084397424306,5.16,65416.18900000001,0.0036654664180183747,7.88795568632101e-05,-5.6087996889799285,-9.447588465545588
USA,2005,2091.59672408057,94.9,294993.509,0.0070903143976655085,0.0003217019937886159,-4.949025595603839,-8.041884926074166
VN,2005,62.04349217276391,0.89,83832.662,0.0007400873441519001,1.0616387202400898e-05,-7.2087423460936595,-11.453111788125423
AUS,2006,88.21044637912281,7.88,20526.3,0.004297435308804939,0.00038389773120338296,-5.449736874036408,-7.865134365838536
BD,2006,2.81001459860113,1.0,370.262,0.007589260033708914,0.002700790251227509,-4.881021184592243,-5.914210863156121
CDA,2006,183.50701710427902,15.49,32536.994,0.0056399499321996074,0.0004760734811580935,-5.177880090781146,-7.649938343466144
CHL,2006,40.036347656855995,1.61,16354.507,0.0024480314604931838,9.844381123808869e-05,-6.012471062905984,-9.226024616834836
PRC,2006,2522.82952514382,421.02,1338408.644,0.0018849471246719022,0.00031456760376392186,-6.2738555090475225,-8.064311548599504
HKC,2006,8.41606408987049,1.0,6802.083000000001,0.0012372774766009895,0.0001470137897464644,-6.694841896578513,-8.824984167786138
INA,2006,440.35236640297103,3.76,229318.262,0.0019202673287440624,1.639642637793932e-05,-6.255290868913696,-11.018447150662789
JPN,2006,1047.3497011608001,116.23,128422.74,0.008155484777546407,0.0009050577802653954,-4.809064599238029,-7.007511770705269
KOR,2006,348.089219483695,48.46,48880.449,0.00712123613029199,0.0009913984218925648,-4.94467395482233,-6.916394064175956
MAS,2006,135.472388848459,5.83,26201.954,0.005170316261468857,0.00022250248969981398,-5.264821419901643,-8.410572266758498
MEX,2006,328.7665205276209,16.45,107560.155,0.003056582807338098,0.00015293767473652302,-5.7904577166530595,-8.785480074226536
NZ,2006,20.4961391047518,0.81,4185.882000000001,0.004896492329394807,0.0001935076048488705,-5.319236181353246,-8.550193744722172
PNG,2006,0.4612515217383499,1.0,6646.891,6.93935738886571e-05,0.00015044627631173734,-9.575716290003028,-8.80190450553192
PE,2006,37.1120723324608,0.9,28102.055,0.0013206177388970593,3.202612762660951e-05,-6.6296556678413,-10.348958499978272
RP,2006,104.830324466957,0.56,87888.675,0.0011927625995835868,6.371696922271272e-06,-6.731483150149873,-11.963644731035235
RUS,2006,482.1056880463031,70.83,143403.258,0.003361887970817951,0.000493921832654597,-5.695252566734744,-7.61313328678931
SIN,2006,82.89952152168199,0.61,4402.324000000001,0.01883085423101116,0.0001385631770855575,-3.972258571913954,-8.884184184100395
CT,2006,167.440703190991,20.0,22823.846,0.007336217708049335,0.0008762765048449765,-4.91493186779856,-7.039828872033021
THA,2006,256.28171065089697,4.91,65812.54,0.0038941166934279847,7.460584259473955e-05,-5.548288404985515,-9.503291734856992
USA,2006,2151.48389455908,98.19,297758.977,0.007225588683289571,0.0003297633575628519,-4.93012656964685,-8.017135259036102
VN,2006,68.3384578386695,1.87,84617.545,0.000807615700014335,2.2099435761224227e-05,-7.121424231379814,-10.719958480932817
AUS,2007,85.9873615467146,7.94,20916.339,0.004111013956444032,0.0003796075403061693,-5.494085576169693,-7.876372627605528
BD,2007,2.76574424622885,1.0,374.967,0.007375967075046204,0.0026669013539858174,-4.909528256533061,-5.926838022098184
CDA,2007,185.606911980582,15.57,32930.795,0.005636271823397583,0.00047280972111362636,-5.178532456265293,-7.6568175313527345
CHL,2007,38.96304852400949,1.68,16530.201,0.002357082562033546,0.00010163215801187171,-6.050330627201427,-9.194150557035593
PRC,2007,2875.7382568717303,489.71,1345993.89099999,0.0021365165741838808,0.0003638278028410484,-6.148578545276828,-7.91882987137803
HKC,2007,6.654899716058661,1.0,6840.017,0.0009729361368632067,0.0001461984670505936,-6.935192113221972,-8.830545495993624
INA,2007,459.974342639754,4.16,232374.239,0.001979454971511511,1.790215652949379e-05,-6.224933739081962,-10.930589375866244
JPN,2007,1087.4397477277698,120.2,128494.05,0.008462957994769173,0.0009354518750089984,-4.772056521703724,-6.974480856642319
KOR,2007,372.67944359300697,51.52,49034.813,0.007600303147745398,0.0010506820939645471,-4.879567144624115,-6.858315712420522
MAS,2007,136.464627922447,6.9,26720.367,0.0051071389821272664,0.0002582299861375407,-5.277115917642033,-8.261659950982983
MEX,2007,321.38048375932794,17.57,109170.503,0.002943839910303683,0.00016094090910252561,-5.828040457887647,-8.734473284557597
NZ,2007,19.5464538175597,0.85,4233.045999999989,0.004617585969431882,0.0002008010307471268,-5.377883227887285,-8.513196036957051
PNG,2007,0.512517256283659,1.0,6808.5030000000015,7.527605646698825e-05,0.00014687516477557546,-9.49434844892926,-8.825927551190222
PE,2007,40.385501410495,0.88,28333.05,0.0014253848918663894,3.105913412075297e-05,-6.55331340217648,-10.379617618264229
RP,2007,107.617187959916,0.72,89405.4819999999,0.0012036978667585073,8.05319745382057e-06,-6.722356904817002,-11.729441346164165
RUS,2007,517.0435629394229,72.39,143266.207,0.003608970836642747,0.0005052831474766412,-5.624332634084879,-7.590391597743185
SIN,2007,81.009199926607,0.64,4578.629,0.017692894516373132,0.00013977983365762983,-4.034592159753792,-8.875441989945832
CT,2007,198.09571989958096,20.9,22927.222,0.00864019722492245,0.0009115801295071857,-4.751329869468087,-7.000331058211635
THA,2007,273.87111503657104,5.57,66182.064,0.004138147082215071,8.416177531120819e-05,-5.487507156014231,-9.382769714720077
USA,2007,2156.14883121129,98.1,300608.425,0.007172616107520241,0.00032633815901866354,-4.937484822366616,-8.027576416615712
VN,2007,73.2094759616129,2.02,85419.588,0.0008570572356496603,2.3647971704101405e-05,-7.062005855540971,-10.6522332097443
AUS,2008,88.31403133825891,7.63,21332.293,0.004139922104869782,0.0003576736921811452,-5.487078306570768,-7.935889461563252
BD,2008,3.5811950972523703,1.0,379.418,0.009438653667597136,0.002635615600735864,-4.662941928953852,-5.938638499707091
CDA,2008,167.493658370634,14.95,33337.638,0.005024160930976394,0.0004484420881887313,-5.293496817889698,-7.709731008127571
CHL,2008,37.6025790180108,1.55,16708.255,0.0022505389711858477,9.276851472520619e-05,-6.096585548702326,-9.285403256719313
PRC,2008,3127.66855865873,512.34,1353569.48,0.002310681944940669,0.000378510307428031,-6.070212583755561,-7.879267253151008
HKC,2008,6.396303912425998,1.0,6881.861,0.0009294439269299392,0.00014530953182576633,-6.980924078679551,-8.83664438853648
INA,2008,501.44296429955705,3.92,235469.755,0.002129542982280493,1.6647573273263904e-05,-6.151847884592216,-11.00324610151381
JPN,2008,1043.98900980153,118.74,128538.644,0.008121985554799614,0.0009237688861880323,-4.813180628247117,-6.987048640781733
KOR,2008,388.29407815242615,53.63,49182.458,0.00789497097018669,0.0010904294372599272,-4.841529308268411,-6.821183681192939
MAS,2008,134.504846382045,6.42,27236.003,0.004938494329804744,0.00023571740684563737,-5.310694785778188,-8.352876899049315
MEX,2008,323.44966248812494,17.21,110815.272,0.00291881846834365,0.00015530350365426166,-5.836576378717313,-8.770129267508667
NZ,2008,19.4790539815776,0.8,4278.156,0.004553142517845913,0.00018699645361225725,-5.391937621154549,-8.584420905929854
PNG,2008,0.533286198795762,1.0,6976.2,7.644365109884494e-05,0.00014334451420544136,-9.478956675488437,-8.850259634902617
PE,2008,43.480353809853305,1.1,28562.321,0.0015222976385516186,3.851227636577574e-05,-6.487534481137463,-10.164533500854173
RP,2008,112.394556618882,0.71,90901.967,0.0012364370137214083,7.810612062993092e-06,-6.695521411466111,-11.760027228042139
RUS,2008,537.398849331698,68.51,143248.764,0.003751507757035153,0.00047825892585013865,-5.5855974512650075,-7.645358286252703
SIN,2008,71.30957098983431,0.76,4775.81,0.01493140870131649,0.00015913530898423512,-4.204288318143526,-8.745755717738307
CT,2008,209.90657436557905,19.88,23019.042,0.009118823205830157,0.0008636328132161189,-4.697414517670006,-7.054362864195378
THA,2008,278.25155224116804,5.21,66530.98,0.00418228548927384,7.830938308739778e-05,-5.476897414099644,-9.454843127059073
USA,2008,2064.4699654626293,91.9,303486.022,0.006802520761442612,0.000302814605412041,-4.9904620352802755,-8.102389803046258
VN,2008,74.15831113436809,2.25,86243.424,0.0008598720655428534,2.6088945633698402e-05,-7.058726940779417,-10.553998872292334
AUS,2009,82.62789483238991,5.25,21750.852000000006,0.0037988348609236037,0.00024136985530497833,-5.573060874812374,-8.329180131559871
BD,2009,3.5851374603483097,1.0,383.902,0.009338678778303603,0.00260483144135743,-4.673590495173311,-5.950387311683205
CDA,2009,154.417734509219,9.29,33746.093,0.0045758699980237415,0.000275291127775888,-5.386958434830982,-8.197681373810918
CHL,2009,37.31586369648381,1.31,16886.1839999999,0.0022098458536566955,7.757821423715434e-05,-6.114832515361692,-9.464223914557746
PRC,2009,3365.9304562439306,577.07,1361169.41,0.0024728225829317827,0.00042395163729105553,-6.002395034653379,-7.765891172230788
HKC,2009,5.85144700197026,1.0,6924.642,0.0008450179809974667,0.00014441179775069962,-7.0761526515465585,-8.842841632968314
INA,2009,497.13713968757895,3.5,238620.554,0.002083379370947144,1.4667638396313505e-05,-6.173764006091466,-11.12986696061474
JPN,2009,882.2790021713408,87.53,128555.196,0.006863036498122883,0.0006808748516084873,-4.981605296969404,-7.292132040202832
KOR,2009,394.879331597114,48.57,49347.45,0.008002021008119245,0.00098424538653973,-4.828061143191974,-6.923635315436421
MAS,2009,128.366902327257,5.35,27735.038,0.004628329780087447,0.0001928967971848461,-5.375559214607851,-8.55335524169045
MEX,2009,291.92718392369204,14.13,112463.886,0.0025957415691975293,0.00012564033222184766,-5.953883034711429,-8.982087239061032
NZ,2009,16.8889476954885,0.77,4323.338,0.003906460169315585,0.0001781031230960892,-5.545123642582121,-8.633147832190238
PNG,2009,0.587481062028277,1.0,7144.774,8.22252827070915e-05,0.00013996243967968756,-9.40604772768173,-8.874136459352865
PE,2009,41.25010416149249,0.72,28792.663,0.0014326602635363213,2.5006370546552085e-05,-6.548222238818938,-10.596379943695567
RP,2009,105.976930776882,0.82,92414.161,0.0011467607304997554,8.87309900481594e-06,-6.770814067216837,-11.632486442186629
RUS,2009,427.9544270201851,60.01,143326.904,0.0029858624938984596,0.0004186931994289083,-5.8138666311939176,-7.778372127180209
SIN,2009,70.31276923586509,0.66,4966.614000000001,0.014157083525288067,0.00013288731518092605,-4.257540177658661,-8.926009043144038
CT,2009,206.996576337668,15.81,23104.542,0.008959129176318144,0.0006842810387671826,-4.7150822468616305,-7.287141849337285
THA,2009,266.457822693444,3.65,66866.834,0.003984902630404842,5.4586104674852704e-05,-5.525242401064863,-9.815731200736854
USA,2009,1926.0330615191601,59.38,306307.565,0.0062879056268791795,0.0001938574386825869,-5.069127232415827,-8.54838752118875
VN,2009,76.9891870067058,2.7,87092.25,0.0008839958435647926,3.100161036142711e-05,-7.031058197187466,-10.381471407685524
AUS,2010,79.837677231719,7.3,22154.687,0.0036036472657780716,0.00032950138270967217,-5.625808817006476,-8.017930007643045
BD,2010,3.92503773725906,1.0,388.634,0.010099573730705651,0.0025731150645594567,-4.595262060906203,-5.962638026682651
CDA,2010,158.54256378612405,13.01,34147.566,0.004642865725367484,0.00038099347988667775,-5.372423490162778,-7.872728296142331
CHL,2010,37.8686334486247,1.01,17062.531000000006,0.002219403056242048,5.919403164747361e-05,-6.110517012840974,-9.734689837922314
PRC,2010,3725.88922322214,638.74,1368810.604,0.0027219903267363494,0.0004666386994179072,-5.906391928493068,-7.669955262643668
HKC,2010,6.180332182802231,1.0,6966.324000000001,0.0008871726584640952,0.00014354773048167152,-7.027470940184672,-8.848842961472222
INA,2010,441.58263861530105,3.66,241834.226,0.0018259724684929464,1.5134334211237743e-05,-6.305642574418675,-11.098544606465598
JPN,2010,1000.25301212438,109.6,128542.349,0.007781505627568545,0.000852637289209644,-4.8560054341210455,-7.067176318711478
KOR,2010,448.778908784798,58.91,49545.638,0.009057889390480712,0.001189004771721781,-4.704119145174526,-6.734638648058853
MAS,2010,135.775205560501,5.69,28208.028,0.004813353331913206,0.00020171562506957243,-5.336361279364584,-8.508651649125124
MEX,2010,316.33018958028197,16.87,114092.961,0.002772565343275489,0.00014786188255732973,-5.887982270658423,-8.819231945890605
NZ,2010,17.255999927335893,0.85,4370.06,0.003948687186751645,0.00019450533859947,-5.534372113096589,-8.545050947470273
PNG,2010,0.609094758665422,1.0,7310.512,8.331766074187718e-05,0.0001367893247422342,-9.392850017555197,-8.897068591330736
PE,2010,45.45705531169281,0.88,29027.68,0.0015659899555077366,3.0315891590371672e-05,-6.459237095541544,-10.403838508008098
RP,2010,115.054726198815,1.05,93966.784,0.0012244191117450078,1.1174161286609533e-05,-6.705288741945082,-11.401906472933623
RUS,2010,444.351814316005,66.94,143479.27300000002,0.003096975646900615,0.00046654822400724033,-5.777329241470288,-7.670149168941922
SIN,2010,82.5139747352038,0.73,5131.17,0.016080927884908083,0.0001422677479015507,-4.130121312610816,-8.857799727175905
CT,2010,262.28695554918596,19.76,23187.556,0.011311539497702387,0.0008521812303116378,-4.481931879841286,-7.067711342121492
THA,2010,300.592770503395,4.15,67195.032,0.004473437418757312,6.176051824783713e-05,-5.409598168398872,-9.692246260964353
USA,2010,2009.293416657329,80.5,309011.469,0.006502326347820214,0.0002605081302014716,-5.035595266446705,-8.252876487271418
VN,2010,57.96127607067929,4.31,87967.655,0.0006588930450707058,4.899528127696481e-05,-7.324949335464139,-9.923786564960942
AUS,2011,75.26878307361879,6.4,22538.002,0.0033396386722132155,0.00028396483414989493,-5.701892659817711,-8.166660150885683
BD,2011,4.48980492911296,1.0,393.687,0.011404503905673696,0.002540088953915166,-4.47374692215996,-5.975556177338477
CDA,2011,162.68538447990102,12.89,34539.156,0.004710172549668006,0.0003731996230596949,-5.358030736875801,-7.893397099013849
CHL,2011,41.0742862547008,1.62,17233.584,0.00238338619840776,9.400250116284577e-05,-6.0392330300402195,-9.27218916793288
PRC,2011,4140.102827932629,701.97,1376497.633,0.0030077079165835583,0.0005099681853212457,-5.806576979808883,-7.5811622159147705
HKC,2011,5.981330138908478,1.0,7006.598000000001,0.0008536710881526923,0.000142722616596528,-7.065964581040541,-8.854607555524515
INA,2011,462.918251486268,3.62,245115.988,0.0018885681642531941,1.4768518486032008e-05,-6.271936322074378,-11.123012772069263
JPN,2011,943.1178379141792,107.6,128498.966,0.007339497486027858,0.0008373608235882614,-4.914484901093394,-7.085255488864746
KOR,2011,476.629391556715,68.52,49786.153,0.009573533258468776,0.0013762862939018406,-4.648752940143493,-6.588366498684307
MAS,2011,142.27016064473796,5.94,28650.962000000003,0.004965632939122181,0.00020732288151441476,-5.305214509424173,-8.481233165866046
MEX,2011,323.48392227034014,18.11,115695.468,0.0027959947598841135,0.00015653162836075826,-5.879567328759642,-8.762252470251337
NZ,2011,17.8131442362672,0.84,4418.674,0.004031332530136236,0.00019010227955264407,-5.513658305037818,-8.56794831720752
PNG,2011,0.6331332380608261,1.0,7472.196,8.473188311184907e-05,0.0001338294659294269,-9.376018603147228,-8.918944210828029
PE,2011,46.888358073799495,0.88,29264.314,0.0016022367062422682,3.0070754434906625e-05,-6.436354684545381,-10.41195747199002
RP,2011,117.305423604416,1.2,95570.049,0.0012274287272199264,1.2556235060630763e-05,-6.7028337633459625,-11.285293198179334
RUS,2011,418.659123151817,68.85,143703.027,0.0029133632874122897,0.00047911308089564454,-5.8384470963151935,-7.643573911388757
SIN,2011,82.65311557080499,0.75,5263.64,0.015702653595383607,0.0001424869481955453,-4.1539255620957025,-8.856260154060545
CT,2011,292.357105205448,20.18,23268.76,0.012564361195244097,0.0008672572152534128,-4.376890949291386,-7.050174952456417
THA,2011,284.23039213591204,4.24,67518.379,0.00420967440785141,6.279771615962522e-05,-5.470369972081085,-9.67559185203636
USA,2011,2043.7931071331009,86.4,311584.05100000004,0.006559363679154106,0.00027729275527006996,-5.026861680859904,-8.190436731648237
VN,2011,63.520059263777284,4.9,88871.384,0.0007147414207454818,5.513585790449713e-05,-7.243589729988167,-9.805710274804005
AUS,2012,74.7980138239552,4.89,22903.951,0.0032657253686909824,0.00021350028211289832,-5.724273375939148,-8.451872403924579
BD,2012,4.58269889669727,1.0,398.997,0.011485547251476252,0.002506284508404825,-4.466665794740195,-5.988953898064604
CDA,2012,166.867679736377,13.51,34922.031,0.004778292526467804,0.00038686180651978684,-5.343672008330214,-7.857443017802144
CHL,2012,42.449341818255796,1.67,17400.359,0.0024395670122815166,9.59750313197561e-05,-6.0159347094068325,-9.251422490745025
PRC,2012,4390.82359627799,731.04,1384206.408,0.003172087320865798,0.0005281293279491883,-5.753365446942225,-7.54616936495304
HKC,2012,5.780716970739291,1.0,7046.847,0.0008203267320461606,0.0001419074374681329,-7.105807843352746,-8.860335561724789
INA,2012,483.842441347218,2.25,248451.714,0.0019474304827988348,9.056085642460088e-06,-6.241244476466829,-11.61207357956273
JPN,2012,960.4214766391408,107.23,128423.571,0.007478545170178618,0.0008349713309249126,-4.89571700187797,-7.088113167924513
KOR,2012,482.25822997492105,69.07,50060.639,0.009633481306040081,0.0013797266950587664,-4.642510612161241,-6.585869846485797
MAS,2012,148.88596574898597,5.61,29068.189,0.00512195533574472,0.00019299447929143438,-5.274219011323901,-8.552848974176104
MEX,2012,357.0062950518641,18.07,117274.156,0.003044202637892905,0.00015408339412819992,-5.794516271588335,-8.778016581806872
NZ,2012,17.6684385224691,0.91,4468.462,0.0039540312802188084,0.0002036494883474448,-5.533019643233438,-8.49911023628428
PNG,2012,0.6513685154371689,1.0,7631.0030000000015,8.535817839898225e-05,0.00013104437254185324,-9.36865429141659,-8.939974570422828
PE,2012,50.007697890717296,0.98,29506.79,0.0016947861116277743,3.321269443406077e-05,-6.380198733942299,-10.312578392652023
RP,2012,121.962336322396,1.26,97212.639,0.001254593410661303,1.2961277596835943e-05,-6.680943734458495,-11.25354429189606
RUS,2012,442.488743289891,70.21,143993.888,0.0030729689255275263,0.0004875901399370506,-5.785111107981394,-7.626035382183745
SIN,2012,84.27742282597349,0.69,5369.469,0.0156956717369955,0.00012850432696417466,-4.154370290177807,-8.959547981322963
CT,2012,312.228087826286,20.66,23346.897999999903,0.013373429216433263,0.0008849141329182183,-4.31448543485889,-7.030019942614736
THA,2012,294.100962496703,3.33,67835.969,0.004335472269832293,4.908900173593747e-05,-5.440924731238949,-9.921875545486342
USA,2012,2072.28412692732,88.7,314043.885,0.006598708734377426,0.0002824446016517723,-5.020881295397443,-8.172028126955674
VN,2012,66.5032167872712,5.3,89801.9259999999,0.0007405544596813132,5.901877872864337e-05,-7.208111382488957,-9.737654881163685
AUS,2013,72.01441342815711,4.69,23254.912,0.0030967398813703147,0.00020167782187264352,-5.777405372035,-8.508839075060404
BD,2013,4.45130699635087,1.0,404.414,0.011006807371532316,0.0024727136053647996,-4.50924134563619,-6.002439105736008
CDA,2013,163.687479387167,12.42,35296.535,0.004637494286256909,0.00035187589943318795,-5.373581083123325,-7.952232002957954
CHL,2013,45.4338127706668,1.32,17571.511000000002,0.0025856520119793224,7.512159881981691e-05,-5.957777573820592,-9.49640243974687
PRC,2013,4603.223055561701,822.0,1391883.335,0.0033071902937624443,0.0005905667374054738,-5.711656303921809,-7.43442791024476
HKC,2013,5.59542658246476,1.0,7088.78,0.0007893356236848598,0.00014106799759620132,-7.144318949004918,-8.86626853137712
INA,2013,500.6770019483181,2.64,251805.314,0.0019883496261255155,1.0484290256082522e-05,-6.220450317938374,-11.465632587262306
JPN,2013,964.9729959757468,110.6,128314.189,0.007520391965192149,0.0008619467641259845,-4.8901370193478755,-7.056317047762262
KOR,2013,497.460410974385,66.06,50345.72,0.009880887808822379,0.0013121274261248027,-4.617152912066907,-6.6361054696056945
MAS,2013,153.870546000801,4.69,29468.923,0.005221451289577193,0.00015915070937611126,-5.254979890906112,-8.745658946966111
MEX,2013,350.442977630742,18.24,118827.158,0.0029491825229948023,0.00015350026296177173,-5.826227257881934,-8.781808277832484
NZ,2013,17.497499553544,0.9,4518.519,0.0038723970295453,0.00019918030664472142,-5.553881576202295,-8.521300079926263
PNG,2013,0.6692223504906529,1.0,7788.388000000001,8.592565630919426e-05,0.0001283962740428443,-9.362028097094099,-8.960389185487365
PE,2013,51.7720380519097,1.07,29773.986,0.001738834634096681,3.5937411940745856e-05,-6.35454014065792,-10.23373168975417
RP,2013,129.674969024571,1.31,98871.558,0.001311549768686471,1.3249513070280536e-05,-6.636545811465439,-11.231549755620108
RUS,2013,432.201057958241,69.01,144325.456,0.002994628043705893,0.00047815542671834693,-5.810935247545975,-7.645574717827403
SIN,2013,81.5039392836348,0.43,5453.732,0.014944617609305847,7.884509176468517e-05,-4.203404070103797,-9.44802549424558
CT,2013,323.69413689972805,22.28,23421.582,0.01382033617113174,0.000951259398276342,-4.281614135965108,-6.957723768914618
THA,2013,297.935958472134,3.58,68144.519,0.0043721191791247956,5.253540640590625e-05,-5.43250744940425,-9.854023207945849
USA,2013,2102.3719200771297,86.88,316400.539,0.006644653409004242,0.00027458865991375573,-5.013942746340607,-8.200236362228383
VN,2013,70.3754076172119,5.47,90752.593,0.0007754644279663933,6.0273759891356494e-05,-7.162048446204512,-9.716613708287761
AUS,2014,71.155567254179,4.61,23596.426,0.003015523081935332,0.0001953685697995112,-5.803981970671975,-8.540622681858881
BD,2014,4.24932381452256,1.0,409.778,0.010369819303433956,0.002440345748185603,-4.5688556818265615,-6.015615549639468
CDA,2014,165.50864732441602,12.73,35664.338,0.004640732356350369,0.0003569391923102568,-5.372883089778335,-7.937945120355526
CHL,2014,47.082391077465104,1.08,17758.9689999999,0.002651189439964976,6.08143411928928e-05,-5.932746894415111,-9.707684921923153
PRC,2014,4912.443194280781,822.31,1399453.966,0.0035102570814257005,0.000587593461434372,-5.652066001615045,-7.439475241305817
HKC,2014,5.03065565308634,1.0,7134.6680000000015,0.000705100174680355,0.00014016069142951007,-7.257170673500897,-8.872720997644025
INA,2014,526.906483307156,4.43,255128.076,0.0020652626381549477,1.7363827883842934e-05,-6.1824978751093465,-10.961121372817304
JPN,2014,983.2920289579739,110.67,128168.63,0.0076718618975483615,0.0008634718183380754,-4.87019594240395,-7.054549297461282
KOR,2014,500.436976786794,71.54,50607.904,0.009888514189143141,0.0014136131778941091,-4.616381378289623,-6.561606314779468
MAS,2014,163.350126808187,4.32,29866.606,0.005469323391087257,0.0001446431509492575,-5.20860036469863,-8.84124087678683
MEX,2014,361.8032855609681,18.93,120355.137,0.003006130810693756,0.00015728452039400693,-5.807101472066649,-8.757454160917861
NZ,2014,19.6328501607025,0.86,4567.522,0.004298359189228317,0.00018828590207118872,-5.4495219130046735,-8.577548994614444
PNG,2014,0.662628900240355,1.0,7946.733,8.338381322744265e-05,0.0001258378757660538,-9.392056353438585,-8.980516179791774
PE,2014,49.8899663866961,1.08,30090.372000000007,0.0016580043073809818,3.5891879302788275e-05,-6.4021406243345425,-10.234999491322808
RP,2014,138.953554313214,1.2,100513.137,0.001382441723147234,1.193873791840762e-05,-6.583903978695147,-11.335722157562577
RUS,2014,441.179871229112,71.46,144664.837,0.003049669016867672,0.0004939693811012278,-5.792722213311215,-7.613037024273751
SIN,2014,86.41796764779959,0.54,5525.6280000000015,0.015639483448360903,9.77264484688437e-05,-4.1579565720088025,-9.233338324508747
CT,2014,358.30601594862,23.12,23491.976,0.015252272348167732,0.000984165827514893,-4.183026780591844,-6.923716151213329
THA,2014,300.743390146922,4.1,68438.7479999999,0.004394343832048512,5.9907583347375166e-05,-5.427437057728703,-9.722707460732865
USA,2014,2123.3228014290303,88.17,318673.422,0.006663005619053572,0.0002766782351871189,-5.011184602080229,-8.192655332786572
VN,2014,73.7117070059362,5.85,91713.85,0.0008037140192668413,6.378534975906038e-05,-7.126267049489945,-9.65998702158292
AUS,2015,71.93882949460222,4.93,23932.499,0.0030059054633033606,0.00020599603910983135,-5.807176437479441,-8.487653616981724
BD,2015,3.8062771844596703,1.0,414.914,0.009173653297935645,0.002410138004502138,-4.691419675331222,-6.028071269840157
CDA,2015,176.15997457621498,12.47,36026.668,0.004889710438284634,0.0003461324816383242,-5.320622192323355,-7.968688961283648
CHL,2015,49.6237035022541,1.11,17969.356,0.0027615738428385583,6.177182977509044e-05,-5.8919545288615645,-9.692063126304227
PRC,2015,5080.015545198769,803.83,1406847.868,0.0036109203139502283,0.0005713695263601878,-5.623792604515402,-7.467474401126027
HKC,2015,4.65032149772767,1.0,7185.99199999999,0.0006471370268332717,0.00013915963168341982,-7.342952497891502,-8.879888854397029
INA,2015,550.256333756139,4.85,258383.257,0.002129612963877683,1.8770566081996557e-05,-6.151815022871218,-10.883220548950272
JPN,2015,1049.8980996256998,105.13,127985.139,0.008203281317104323,0.0008214234935510755,-4.803221044132361,-7.104471755011207
KOR,2015,506.848466789317,69.67,50823.087,0.009972799700052005,0.0013708336921761561,-4.607893921986296,-6.59233618978895
MAS,2015,167.30954561602502,3.78,30270.965,0.00552706349520159,0.00012487213407303004,-5.19809861801144,-8.988220271625046
MEX,2015,402.891328899532,18.22,121858.251,0.0033062293738282196,0.00014951798380890923,-5.711946900916793,-8.808093879331977
NZ,2015,20.75057535008069,0.79,4614.527,0.004496793571709666,0.0001711984781972237,-5.404390675802945,-8.67268698333105
PNG,2015,0.6057801635913629,1.0,8107.772,7.471598406952772e-05,0.00012333844612305328,-9.501816511880905,-9.000578386801568
PE,2015,50.879005269605905,1.08,30470.739,0.0016697660424187907,3.544384007227393e-05,-6.39507175672761,-10.247561083913483
RP,2015,143.293882007493,0.97,102113.206,0.0014032845272480526,9.499261045628122e-06,-6.568939699243847,-11.564296547053887
RUS,2015,468.625683491953,70.9,144985.059,0.003232234319344264,0.0004890159061148501,-5.73458164115416,-7.623115541176191
SIN,2015,89.360031609519,0.5,5592.143,0.015979568406873538,8.941116133832772e-05,-4.136444347339557,-9.322265036392693
CT,2015,355.3405692391491,21.39,23557.472999999904,0.015083984994449556,0.000907992126320174,-4.194121694385675,-7.004274850854131
THA,2015,308.132958121022,3.72,68714.519,0.0044842481997294055,5.413703034143337e-05,-5.4071844230004915,-9.823992126752161
USA,2015,2180.0423045342595,78.85,320878.312,0.0067939845823368076,0.0002457317838296282,-4.991717678552059,-8.311269926487517
VN,2015,81.71357819899389,5.65,92677.082,0.0008817021040756753,6.0964370889450324e-05,-7.033656309489117,-9.705220948213846
AUS,2016,71.4332897321476,5.26,24262.71,0.0029441595655286487,0.00021679358983394683,-5.827931879336784,-8.436564856022493
BD,2016,2.9283645079806804,1.0,419.791,0.0069757677224635125,0.0023821377780848087,-4.965312889595013,-6.039756968376347
CDA,2016,178.110240570995,12.65,36382.942,0.004895432606054645,0.0003476904094231852,-5.319452629774019,-7.96419810223802
CHL,2016,47.4871307516724,1.15,18209.072,0.0026078830789220014,6.31553326825222e-05,-5.949216467624388,-9.669913268037504
PRC,2016,5320.81039319777,807.61,1414049.353,0.0037628180246391803,0.0005711328238201882,-5.58258712765812,-7.467888759211765
HKC,2016,4.59729425403017,1.0,7243.541,0.0006346749820329822,0.00013805402633877546,-7.362397529424179,-8.887865454212806
INA,2016,565.2051967884802,4.75,261556.38600000003,0.0021609305948602615,1.816052007998e-05,-6.1372163191132465,-10.91626054643579
JPN,2016,1049.28637960244,104.78,127763.267,0.008212739109140344,0.0008201105251950077,-4.802068780327018,-7.1060714399657225
KOR,2016,515.845432147172,68.58,50983.446,0.010117900468069027,0.0013451424997831648,-4.593449100275916,-6.6112553237462315
MAS,2016,170.863547646505,2.76,30684.652,0.005568371694308445,8.994724789448483e-05,-5.190652602734737,-9.316287193983715
MEX,2016,410.59975542348394,18.82,123333.379,0.0033291859734377663,0.00015259453809337374,-5.705027457294239,-8.787726232065266
NZ,2016,19.0158288548207,0.58,4659.265,0.004081293692206968,0.00012448315345875367,-5.501341259402481,-8.991340164799528
PNG,2016,0.685222567345153,1.0,8271.766,8.283872722525673e-05,0.00012089316839958965,-9.39861488580822,-9.020603308146931
PE,2016,51.18727483929281,1.17,30926.036,0.0016551514988630554,3.783220067389173e-05,-6.403862734244127,-10.182349948294101
RP,2016,150.323256093993,1.08,103663.812,0.0014501034950749542,1.0418293319176803e-05,-6.536120349183032,-11.471947324000492
RUS,2016,452.57250017179496,70.45,145275.374,0.0031152733440685887,0.0004849411022683032,-5.771438379687762,-7.631483113023113
SIN,2016,89.5910654504567,0.52,5653.625,0.015846658639449326,9.19763868314577e-05,-4.144796612273902,-9.29397867873476
CT,2016,370.22696519463204,21.75,23618.201,0.015675493878413178,0.0009208999449195982,-4.15565668556472,-6.990159165048445
THA,2016,316.613714167368,3.83,68971.313,0.004590513075593734,5.553033331408379e-05,-5.383763479981628,-9.798581140314154
USA,2016,2120.2092405183107,78.48,323015.992,0.006563790316976971,0.00024296010706491584,-5.026187050661696,-8.322613296557979
VN,2016,90.40594710744502,7.81,93640.435,0.0009654584273070178,8.340414052967609e-05,-6.9429075152236495,-9.391812603193124
AUS,2017,69.71573667241789,5.33,24584.619,0.002835746068402276,0.00021680222093334049,-5.865450212966257,-8.436525044293779
BD,2017,3.27733294785594,1.0,424.481,0.00772080010143196,0.002355818046037396,-4.863837280233854,-6.050867246210251
CDA,2017,183.41537155807305,13.21,36732.091,0.004993327811315534,0.0003596310376123156,-5.299652695439849,-7.930431947600009
CHL,2017,45.553854786351785,1.16,18470.435,0.0024663119621358013,6.28030687961599e-05,-6.005031376914344,-9.675506619503144
PRC,2017,5748.4764301465575,870.85,1421021.794,0.004045311939914243,0.0006128336691787571,-5.510196614037352,-7.3974169978703905
HKC,2017,4.541180022718001,1.0,7306.315,0.0006215417789566972,0.00013686790126075867,-7.383307426494584,-8.896494321673535
INA,2017,583.4563541262089,5.2,264650.969,0.0022046257995231786,1.964852053876289e-05,-6.117197489916589,-10.837508513131686
JPN,2017,1072.21021966882,104.66,127502.728,0.008409311992672187,0.0008208451822301401,-4.778415616587255,-7.1051760384860945
KOR,2017,547.3378479359919,71.03,51096.408,0.010711865459035632,0.0013901172857395377,-4.536403230508247,-6.578367157169296
MAS,2017,181.166524804306,3.21,31104.655,0.005824418396677475,0.00010319998726878662,-5.145696130579275,-9.178841828281291
MEX,2017,426.30523303747896,19.95,124777.326,0.0034165280400180954,0.0001598848175348781,-5.679130436542203,-8.741056892382984
NZ,2017,19.610731604334198,0.66,4702.029,0.004170695587869449,0.00014036493607334194,-5.479672449439721,-8.871264840630921
PNG,2017,0.7145830865843521,1.0,8438.038,8.468592895461624e-05,0.00011851096190844363,-9.37656109815173,-9.040505096110977
PE,2017,51.00902926061371,1.21,31444.299,0.0016222027802436847,3.848074336145958e-05,-6.423970312457174,-10.165352614228112
RP,2017,158.64699438076505,1.38,105172.921,0.0015084395571818819,1.3121248196577138e-05,-6.496679568327085,-11.241277642039329
RUS,2017,467.875664318225,71.49,145530.091,0.003214975412323662,0.0004912386126385368,-5.739935569121593,-7.618580575429041
SIN,2017,99.53374892556559,0.6,5708.04199999999,0.01743745910166144,0.00010511485374494458,-4.049134564827737,-9.16045696042955
CT,2017,402.3294373806981,22.44,23674.546,0.016994177517942608,0.0009478534456373526,-4.074884492536633,-6.961310660869558
THA,2017,328.6591915070989,6.76,69209.817,0.004748736606355988,9.767400483084647e-05,-5.349876673923171,-9.23387510565097
USA,2017,2173.31953535193,81.61,325084.75800000003,0.006685393522362343,0.0002510422220410592,-5.007830203689239,-8.289889417676074
VN,2017,103.780917181563,11.47,94600.643,0.0010970424078572383,0.00012124653317631256,-6.81513744040777,-9.017684620915759
AUS,2018,71.53742809939659,5.69,24898.153,0.002873202204974666,0.00022853100790247376,-5.852328120335735,-8.383838654856504
BD,2018,3.6437576520279498,1.0,428.96,0.00849439959909537,0.002331219694143976,-4.768348203331213,-6.061363674487649
CDA,2018,186.894714855781,13.44,37074.558,0.005041050384357408,0.0003625127506577422,-5.290140809018399,-7.922450910059889
CHL,2018,47.989496396635104,1.15,18729.166,0.002562286884351129,6.140155947146818e-05,-5.96685510505867,-9.698075324575601
PRC,2018,6149.266676886739,928.26,1427647.789,0.004307271530321922,0.0006502023868577573,-5.447450630940554,-7.338226879141875
HKC,2018,4.453509802315691,1.0,7371.728,0.0006041337665084347,0.0001356534044663612,-7.41171491682062,-8.905407421744403
INA,2018,604.5032408445387,6.18,267670.549,0.002258385328916177,2.3088083553039673e-05,-6.093105177275206,-10.676193937044658
JPN,2018,1080.6641241453399,104.32,127202.19,0.008495640870218821,0.0008201116663164368,-4.7682020858304455,-7.106070048542738
KOR,2018,554.9295308677749,72.46,51171.7,0.01084446150641419,0.0014160170563026048,-4.524100789563173,-6.559907238371711
MAS,2018,187.218343305812,4.11,31528.033,0.005938154889200097,0.00013036017819443416,-5.126356818575221,-8.945209337054806
MEX,2018,437.0147299329921,20.2,126190.782,0.0034631272031660134,0.00016007508377275924,-5.665583282164262,-8.739867579225113
NZ,2018,20.1546491719537,0.65,4743.130999999989,0.00424922886843179,0.00013704027993323428,-5.461017755230466,-8.89523566123863
PNG,2018,0.7087179726978919,1.0,8606.324,8.234851171044594e-05,0.00011619362691899583,-9.404550174236835,-9.060252560842322
PE,2018,52.912262658717395,1.22,31989.265,0.001654063094563673,3.813779403809372e-05,-6.404520536455438,-10.174304798004469
RP,2018,165.075930994092,1.47,106651.394,0.0015478084702211395,1.378322349916964e-05,-6.470915238716775,-11.19205839381574
RUS,2018,481.90894084450105,72.04,145734.034,0.0033067700633642037,0.0004943251622335521,-5.711783377679774,-7.6123170341653505
SIN,2018,113.249475914111,0.62,5757.5030000000015,0.019669894382010913,0.00010768557133187769,-3.928666016091726,-9.136294953697192
CT,2018,429.8248303700231,23.24,23726.46,0.018115843255589882,0.0009794971521246744,-4.0109684055893515,-6.928471228062543
THA,2018,337.17433427188496,6.4,69428.454,0.004856428666435306,9.218122587030384e-05,-5.327451953495941,-9.291754072102236
USA,2018,2236.93961206694,86.61,327096.26300000004,0.006838780704953941,0.0002647844374791894,-4.985145822747451,-8.236594506477477
VN,2018,115.943738676738,15.47,95545.959,0.0012134865764101858,0.00016191160946953288,-6.714257594737511,-8.728459992195392
